sec,cadence,power,speed,altitude
0.0,88.0,317.0,40.482,0.0
1.0,88.0,234.0,40.8168,0.0
2.0,88.0,240.0,41.04,0.0
3.0,88.0,279.0,41.3208,0.0
4.0,87.0,278.0,41.67,0.0
5.0,87.0,281.0,42.0588,0.0
6.0,87.0,275.0,42.458400000000005,0.0
7.0,86.0,244.0,42.7176,0.0
8.0,86.0,267.0,42.7716,0.0
9.0,85.0,314.0,42.7788,0.0
10.0,85.0,316.0,43.0452,0.0
11.0,85.0,308.0,43.344,0.0
12.0,85.0,311.0,43.6572,0.0
13.0,85.0,295.0,43.9308,0.0
14.0,85.0,287.0,44.154,0.0
15.0,85.0,248.0,44.3124,0.0
16.0,85.0,220.0,44.3052,0.0
17.0,84.0,258.0,44.3304,0.0
18.0,84.0,263.0,44.406000000000006,0.0
19.0,84.0,281.0,44.4708,0.0
20.0,83.0,296.0,44.5572,0.0
21.0,83.0,284.0,44.6436,0.0
22.0,83.0,262.0,44.658,0.0
23.0,82.0,242.0,44.5536,0.0
24.0,82.0,269.0,44.4744,0.0
25.0,81.0,261.0,44.4024,0.0
26.0,86.0,247.0,44.2332,0.0
27.0,86.0,251.0,44.049600000000005,0.0
28.0,85.0,256.0,43.8228,0.0
29.0,85.0,348.0,43.7292,0.0
30.0,85.0,373.0,43.4916,0.0
31.0,84.0,441.0,42.9444,0.0
32.0,84.0,438.0,42.678,0.0
33.0,84.0,406.0,42.6384,0.0
34.0,84.0,356.0,42.264,0.0
35.0,85.0,364.0,41.796,0.0
36.0,85.0,351.0,41.3676,0.0
37.0,85.0,352.0,40.9608,0.0
38.0,85.0,363.0,40.6332,0.0
39.0,85.0,340.0,40.2696,0.0
40.0,85.0,334.0,39.9276,0.0
41.0,84.0,327.0,39.6288,0.0
42.0,84.0,304.0,39.2868,0.0
43.0,84.0,315.0,39.0024,0.0
44.0,84.0,304.0,38.8152,0.0
45.0,84.0,275.0,38.64960000000001,0.0
46.0,84.0,290.0,38.6928,0.0
47.0,85.0,281.0,39.0996,0.0
48.0,84.0,267.0,39.6936,0.0
49.0,81.0,284.0,40.1652,0.0
50.0,82.0,245.0,40.6728,0.0
51.0,83.0,267.0,41.2164,0.0
52.0,84.0,261.0,41.778000000000006,0.0
53.0,85.0,267.0,42.2496,0.0
54.0,85.0,262.0,42.6024,0.0
55.0,85.0,258.0,42.7176,0.0
56.0,85.0,251.0,42.5232,0.0
57.0,85.0,276.0,42.084,0.0
58.0,83.0,282.0,41.5044,0.0
59.0,83.0,299.0,40.8816,0.0
60.0,81.0,310.0,40.323600000000006,0.0
61.0,81.0,303.0,39.7512,0.0
62.0,80.0,293.0,39.1464,0.0
63.0,83.0,296.0,38.574,0.0
64.0,84.0,308.0,38.142,0.0
65.0,82.0,273.0,37.7064,0.0
66.0,81.0,292.0,37.4256,0.0
67.0,81.0,307.0,37.2924,0.0
68.0,80.0,291.0,37.17,0.0
69.0,79.0,311.0,36.9828,0.0
70.0,81.0,297.0,36.7308,0.0
71.0,83.0,337.0,36.6012,0.0
72.0,82.0,300.0,36.7308,0.0
73.0,83.0,291.0,36.9,0.0
74.0,83.0,276.0,37.0836,0.0
75.0,83.0,251.0,37.206,0.0
76.0,83.0,268.0,37.3428,0.0
77.0,83.0,267.0,37.512,0.0
78.0,83.0,253.0,37.6488,0.0
79.0,83.0,236.0,37.796400000000006,0.0
80.0,83.0,227.0,37.8936,0.0
81.0,83.0,187.0,37.9008,0.0
82.0,82.0,181.0,37.8432,0.0
83.0,82.0,192.0,37.7928,0.0
84.0,81.0,188.0,37.7424,0.0
85.0,81.0,187.0,37.6776,0.0
86.0,80.0,177.0,37.576800000000006,0.0
87.0,80.0,206.0,37.5264,0.0
88.0,80.0,209.0,37.5588,0.0
89.0,80.0,214.0,37.6056,0.0
90.0,80.0,210.0,37.6668,0.0
91.0,80.0,217.0,37.7856,0.0
92.0,81.0,205.0,37.9764,0.0
93.0,81.0,199.0,38.1852,0.0
94.0,81.0,205.0,38.4372,0.0
95.0,82.0,201.0,38.7576,0.0
96.0,82.0,197.0,39.114,0.0
97.0,83.0,196.0,39.4812,0.0
98.0,83.0,186.0,39.7332,0.0
99.0,83.0,208.0,39.7008,0.0
100.0,83.0,218.0,39.6432,0.0
101.0,83.0,212.0,39.6864,0.0
102.0,83.0,233.0,39.8196,0.0
103.0,83.0,206.0,39.9816,0.0
104.0,83.0,195.0,40.0716,0.0
105.0,83.0,165.0,40.0248,0.0
106.0,83.0,185.0,39.9528,0.0
107.0,83.0,206.0,39.9852,0.0
108.0,82.0,196.0,40.02120000000001,0.0
109.0,83.0,202.0,40.0788,0.0
110.0,83.0,207.0,40.186800000000005,0.0
111.0,83.0,189.0,40.2732,0.0
112.0,83.0,182.0,40.3704,0.0
113.0,83.0,164.0,40.5,0.0
114.0,83.0,168.0,40.6908,0.0
115.0,83.0,164.0,41.0292,0.0
116.0,83.0,157.0,41.4612,0.0
117.0,83.0,160.0,41.976,0.0
118.0,84.0,126.0,42.5268,0.0
119.0,84.0,155.0,43.0452,0.0
120.0,85.0,167.0,43.610400000000006,0.0
121.0,85.0,161.0,44.0568,0.0
122.0,85.0,156.0,44.3448,0.0
123.0,85.0,176.0,44.5068,0.0
124.0,85.0,198.0,44.6976,0.0
125.0,85.0,168.0,44.823600000000006,0.0
126.0,85.0,161.0,44.8956,0.0
127.0,85.0,165.0,44.985600000000005,0.0
128.0,85.0,148.0,45.162,0.0
129.0,85.0,138.0,45.3564,0.0
130.0,85.0,102.0,45.644400000000005,0.0
131.0,85.0,97.0,46.2456,0.0
132.0,85.0,71.0,46.9692,0.0
133.0,85.0,71.0,47.7684,0.0
134.0,85.0,71.0,48.7116,0.0
135.0,0.0,0.0,49.6476,0.0
136.0,0.0,0.0,50.2164,0.0
137.0,0.0,0.0,50.4684,0.0
138.0,0.0,0.0,50.1948,0.0
139.0,0.0,0.0,49.6332,0.0
140.0,0.0,0.0,49.5864,0.0
141.0,0.0,0.0,50.652,0.0
142.0,81.0,259.0,51.984,0.0
143.0,83.0,243.0,53.37,0.0
144.0,87.0,273.0,54.4788,0.0
145.0,88.0,260.0,55.152,0.0
146.0,90.0,257.0,55.4004,0.0
147.0,91.0,205.0,55.4328,0.0
148.0,90.0,168.0,55.2384,0.0
149.0,89.0,99.0,54.8748,0.0
150.0,89.0,90.0,54.3564,0.0
151.0,86.0,105.0,53.5176,0.0
152.0,86.0,110.0,52.8228,0.0
153.0,85.0,106.0,52.5852,0.0
154.0,85.0,107.0,52.722,0.0
155.0,85.0,90.0,53.118,0.0
156.0,84.0,31.0,53.4744,0.0
157.0,84.0,31.0,53.787600000000005,0.0
158.0,84.0,31.0,54.0324,0.0
159.0,0.0,0.0,54.09,0.0
160.0,0.0,0.0,53.96040000000001,0.0
161.0,0.0,0.0,53.6184,0.0
162.0,92.0,156.0,53.0892,0.0
163.0,77.0,192.0,52.6572,0.0
164.0,77.0,193.0,52.0596,0.0
165.0,76.0,170.0,51.318000000000005,0.0
166.0,76.0,182.0,50.4684,0.0
167.0,76.0,182.0,49.5684,0.0
168.0,75.0,198.0,48.747600000000006,0.0
169.0,74.0,202.0,47.9376,0.0
170.0,74.0,202.0,47.156400000000005,0.0
171.0,73.0,204.0,46.4832,0.0
172.0,73.0,201.0,45.9252,0.0
173.0,73.0,199.0,45.5436,0.0
174.0,74.0,183.0,45.1908,0.0
175.0,74.0,190.0,44.9424,0.0
176.0,75.0,183.0,44.7732,0.0
177.0,76.0,171.0,44.625600000000006,0.0
178.0,76.0,162.0,44.406000000000006,0.0
179.0,76.0,161.0,44.244,0.0
180.0,77.0,177.0,44.172,0.0
181.0,77.0,181.0,44.0748,0.0
182.0,77.0,181.0,43.7976,0.0
183.0,77.0,186.0,43.2468,0.0
184.0,75.0,202.0,42.458400000000005,0.0
185.0,75.0,229.0,41.688,0.0
186.0,74.0,225.0,41.0436,0.0
187.0,73.0,210.0,40.5756,0.0
188.0,73.0,186.0,40.3308,0.0
189.0,74.0,179.0,40.2804,0.0
190.0,74.0,178.0,40.3488,0.0
191.0,75.0,156.0,40.4172,0.0
192.0,76.0,185.0,40.4784,0.0
193.0,76.0,172.0,40.5108,0.0
194.0,76.0,183.0,40.4496,0.0
195.0,76.0,184.0,40.3776,0.0
196.0,77.0,195.0,40.41,0.0
197.0,78.0,201.0,40.7016,0.0
198.0,79.0,188.0,41.2668,0.0
199.0,80.0,188.0,41.9472,0.0
200.0,81.0,201.0,42.872400000000006,0.0
201.0,81.0,188.0,44.0064,0.0
202.0,80.0,215.0,45.5472,0.0
203.0,80.0,215.0,47.3292,0.0
204.0,79.0,224.0,49.194,0.0
205.0,81.0,203.0,50.868,0.0
206.0,83.0,228.0,52.4592,0.0
207.0,80.0,248.0,53.8272,0.0
208.0,80.0,246.0,54.9252,0.0
209.0,81.0,235.0,56.5056,0.0
210.0,84.0,179.0,58.305600000000005,0.0
211.0,84.0,179.0,59.994,0.0
212.0,84.0,179.0,61.4844,0.0
213.0,0.0,0.0,62.9496,0.0
214.0,0.0,0.0,64.9188,0.0
215.0,0.0,0.0,66.8448,0.0
216.0,0.0,0.0,67.95,0.0
217.0,0.0,0.0,68.4504,0.0
218.0,0.0,0.0,69.066,0.0
219.0,0.0,0.0,70.3836,0.0
220.0,0.0,0.0,71.8164,0.0
221.0,0.0,0.0,72.8856,0.0
222.0,0.0,0.0,71.8884,0.0
223.0,0.0,0.0,70.3152,0.0
224.0,0.0,0.0,69.7536,0.0
225.0,0.0,0.0,67.6584,0.0
226.0,78.0,263.0,65.10600000000001,0.0
227.0,68.0,302.0,63.799200000000006,0.0
228.0,68.0,333.0,62.8812,0.0
229.0,70.0,370.0,62.1144,0.0
230.0,71.0,339.0,61.2756,0.0
231.0,72.0,292.0,60.2892,0.0
232.0,73.0,299.0,58.8564,0.0
233.0,73.0,295.0,57.4416,0.0
234.0,74.0,308.0,56.21040000000001,0.0
235.0,75.0,314.0,55.1988,0.0
236.0,76.0,299.0,54.3168,0.0
237.0,76.0,300.0,53.4528,0.0
238.0,78.0,326.0,52.6932,0.0
239.0,78.0,316.0,51.984,0.0
240.0,78.0,321.0,51.2316,0.0
241.0,77.0,316.0,50.1048,0.0
242.0,77.0,264.0,49.068000000000005,0.0
243.0,76.0,253.0,48.2832,0.0
244.0,75.0,251.0,47.754000000000005,0.0
245.0,74.0,239.0,47.3472,0.0
246.0,74.0,243.0,46.936800000000005,0.0
247.0,73.0,230.0,46.5408,0.0
248.0,73.0,247.0,46.137600000000006,0.0
249.0,73.0,266.0,45.8064,0.0
250.0,73.0,279.0,45.558,0.0
251.0,73.0,281.0,45.4608,0.0
252.0,73.0,289.0,45.3852,0.0
253.0,73.0,291.0,45.3276,0.0
254.0,73.0,308.0,45.2196,0.0
255.0,74.0,417.0,45.2412,0.0
256.0,75.0,427.0,45.3312,0.0
257.0,76.0,496.0,45.2808,0.0
258.0,77.0,523.0,45.1116,0.0
259.0,77.0,556.0,44.348400000000005,0.0
260.0,76.0,557.0,42.9876,0.0
261.0,72.0,612.0,41.0148,0.0
262.0,69.0,595.0,38.6676,0.0
263.0,67.0,593.0,36.6084,0.0
264.0,64.0,548.0,35.0748,0.0
265.0,63.0,519.0,33.8112,0.0
266.0,62.0,512.0,32.6124,0.0
267.0,61.0,532.0,31.6548,0.0
268.0,61.0,553.0,30.884400000000003,0.0
269.0,60.0,534.0,30.2508,0.0
270.0,59.0,514.0,29.628000000000004,0.0
271.0,58.0,489.0,29.0232,0.0
272.0,58.0,502.0,28.4328,0.0
273.0,58.0,503.0,28.0152,0.0
274.0,58.0,531.0,27.756,0.0
275.0,59.0,560.0,27.738,0.0
276.0,59.0,550.0,27.882,0.0
277.0,59.0,519.0,28.0008,0.0
278.0,59.0,480.0,28.0188,0.0
279.0,59.0,455.0,27.9432,0.0
280.0,60.0,467.0,27.9036,0.0
281.0,60.0,475.0,27.972,0.0
282.0,60.0,468.0,28.0836,0.0
283.0,61.0,498.0,28.2456,0.0
284.0,61.0,481.0,28.458,0.0
285.0,61.0,466.0,28.5624,0.0
286.0,61.0,467.0,28.5768,0.0
287.0,62.0,484.0,28.8144,0.0
288.0,63.0,493.0,29.25,0.0
289.0,64.0,496.0,29.7936,0.0
290.0,65.0,512.0,30.294,0.0
291.0,65.0,488.0,30.596400000000003,0.0
292.0,66.0,487.0,30.87,0.0
293.0,67.0,490.0,31.176,0.0
294.0,67.0,495.0,31.5288,0.0
295.0,68.0,498.0,31.896,0.0
296.0,69.0,495.0,32.2416,0.0
297.0,69.0,500.0,32.5872,0.0
298.0,69.0,469.0,32.7384,0.0
299.0,70.0,465.0,32.8644,0.0
300.0,70.0,497.0,32.9724,0.0
301.0,72.0,447.0,33.0552,0.0
302.0,75.0,442.0,32.940000000000005,0.0
303.0,80.0,465.0,32.7132,0.0
304.0,80.0,468.0,32.4936,0.0
305.0,79.0,468.0,32.328,0.0
306.0,78.0,426.0,32.1624,0.0
307.0,78.0,420.0,31.878000000000004,0.0
308.0,77.0,413.0,31.2804,0.0
309.0,76.0,391.0,30.2796,0.0
310.0,73.0,439.0,29.1492,0.0
311.0,70.0,460.0,27.8712,0.0
312.0,68.0,460.0,26.6904,0.0
313.0,66.0,478.0,25.6572,0.0
314.0,64.0,494.0,24.8328,0.0
315.0,62.0,488.0,24.21,0.0
316.0,61.0,480.0,23.6412,0.0
317.0,59.0,462.0,23.0724,0.0
318.0,58.0,484.0,22.7376,0.0
319.0,58.0,491.0,22.554,0.0
320.0,58.0,473.0,22.392,0.0
321.0,60.0,456.0,22.1724,0.0
322.0,60.0,456.0,22.05,0.0
323.0,59.0,435.0,21.9132,0.0
324.0,59.0,442.0,21.9168,0.0
325.0,59.0,430.0,21.942,0.0
326.0,60.0,440.0,21.978,0.0
327.0,59.0,417.0,21.9132,0.0
328.0,59.0,419.0,21.8592,0.0
329.0,59.0,395.0,21.6936,0.0
330.0,59.0,416.0,21.708,0.0
331.0,59.0,401.0,21.69,0.0
332.0,59.0,399.0,21.7224,0.0
333.0,59.0,394.0,21.794400000000003,0.0
334.0,59.0,378.0,21.8556,0.0
335.0,59.0,371.0,21.9564,0.0
336.0,60.0,408.0,22.2768,0.0
337.0,61.0,382.0,22.6404,0.0
338.0,61.0,368.0,22.9644,0.0
339.0,62.0,372.0,23.4144,0.0
340.0,63.0,374.0,23.9796,0.0
341.0,65.0,366.0,24.624,0.0
342.0,66.0,287.0,24.9876,0.0
343.0,67.0,293.0,25.4088,0.0
344.0,68.0,302.0,25.9596,0.0
345.0,70.0,301.0,26.6508,0.0
346.0,72.0,320.0,27.500400000000003,0.0
347.0,75.0,291.0,28.324800000000003,0.0
348.0,76.0,238.0,29.0304,0.0
349.0,77.0,240.0,29.5956,0.0
350.0,76.0,247.0,30.225600000000004,0.0
351.0,75.0,293.0,30.8988,0.0
352.0,77.0,291.0,31.7088,0.0
353.0,78.0,287.0,32.49,0.0
354.0,80.0,272.0,33.1056,0.0
355.0,81.0,310.0,33.768,0.0
356.0,79.0,283.0,34.401599999999995,0.0
357.0,78.0,270.0,34.9164,0.0
358.0,78.0,283.0,35.5176,0.0
359.0,79.0,261.0,36.1008,0.0
360.0,80.0,237.0,36.5796,0.0
361.0,80.0,243.0,37.0656,0.0
362.0,81.0,264.0,37.5948,0.0
363.0,82.0,232.0,38.1672,0.0
364.0,82.0,207.0,38.556,0.0
365.0,82.0,210.0,38.890800000000006,0.0
366.0,82.0,248.0,39.348,0.0
367.0,83.0,276.0,39.9132,0.0
368.0,84.0,307.0,40.564800000000005,0.0
369.0,85.0,300.0,41.25600000000001,0.0
370.0,85.0,244.0,41.85,0.0
371.0,81.0,286.0,42.5268,0.0
372.0,81.0,281.0,43.2792,0.0
373.0,82.0,282.0,44.1,0.0
374.0,83.0,248.0,44.9208,0.0
375.0,84.0,234.0,45.7524,0.0
376.0,84.0,215.0,46.6452,0.0
377.0,84.0,212.0,47.34,0.0
378.0,81.0,254.0,47.8872,0.0
379.0,79.0,255.0,48.3012,0.0
380.0,79.0,254.0,48.6432,0.0
381.0,79.0,256.0,48.96,0.0
382.0,79.0,238.0,49.2264,0.0
383.0,80.0,245.0,49.5108,0.0
384.0,80.0,269.0,49.9896,0.0
385.0,81.0,276.0,50.976,0.0
386.0,82.0,258.0,52.2576,0.0
387.0,83.0,261.0,52.7184,0.0
388.0,82.0,255.0,52.1928,0.0
389.0,81.0,276.0,51.436800000000005,0.0
390.0,81.0,280.0,50.5764,0.0
391.0,80.0,265.0,49.608,0.0
392.0,78.0,273.0,48.582,0.0
393.0,77.0,282.0,47.4372,0.0
394.0,81.0,315.0,46.188,0.0
395.0,80.0,324.0,44.6904,0.0
396.0,81.0,330.0,42.2496,0.0
397.0,81.0,331.0,38.9376,0.0
398.0,78.0,401.0,35.8308,0.0
399.0,71.0,432.0,33.0588,0.0
400.0,69.0,439.0,30.6324,0.0
401.0,66.0,434.0,28.5948,0.0
402.0,69.0,470.0,26.91,0.0
403.0,68.0,490.0,25.6788,0.0
404.0,66.0,488.0,24.620400000000004,0.0
405.0,64.0,525.0,23.7708,0.0
406.0,65.0,546.0,23.418,0.0
407.0,65.0,546.0,23.4396,0.0
408.0,65.0,484.0,23.2236,0.0
409.0,66.0,502.0,23.288400000000003,0.0
410.0,67.0,473.0,23.7852,0.0
411.0,69.0,472.0,24.588,0.0
412.0,71.0,441.0,25.498800000000003,0.0
413.0,75.0,376.0,26.2116,0.0
414.0,76.0,348.0,26.7444,0.0
415.0,78.0,350.0,27.2592,0.0
416.0,73.0,359.0,27.8064,0.0
417.0,73.0,347.0,28.494,0.0
418.0,75.0,349.0,29.1456,0.0
419.0,76.0,356.0,29.7864,0.0
420.0,79.0,371.0,30.4812,0.0
421.0,80.0,387.0,31.1688,0.0
422.0,79.0,397.0,31.8924,0.0
423.0,79.0,353.0,32.500800000000005,0.0
424.0,80.0,344.0,32.9328,0.0
425.0,80.0,334.0,33.282,0.0
426.0,81.0,324.0,33.552,0.0
427.0,81.0,324.0,33.955200000000005,0.0
428.0,79.0,330.0,34.614000000000004,0.0
429.0,78.0,317.0,35.2152,0.0
430.0,79.0,323.0,35.7228,0.0
431.0,80.0,308.0,36.216,0.0
432.0,81.0,314.0,36.6372,0.0
433.0,82.0,330.0,37.058400000000006,0.0
434.0,83.0,328.0,37.5408,0.0
435.0,83.0,329.0,37.9116,0.0
436.0,84.0,355.0,38.34,0.0
437.0,86.0,370.0,38.8224,0.0
438.0,86.0,360.0,39.258,0.0
439.0,87.0,363.0,39.5748,0.0
440.0,87.0,349.0,39.9132,0.0
441.0,88.0,336.0,40.1688,0.0
442.0,88.0,331.0,40.3704,0.0
443.0,88.0,322.0,40.5144,0.0
444.0,88.0,321.0,40.644,0.0
445.0,84.0,325.0,40.7736,0.0
446.0,82.0,318.0,41.0076,0.0
447.0,82.0,315.0,41.544,0.0
448.0,83.0,324.0,42.0948,0.0
449.0,84.0,322.0,42.6708,0.0
450.0,84.0,326.0,43.1892,0.0
451.0,85.0,332.0,43.6788,0.0
452.0,85.0,335.0,44.1036,0.0
453.0,86.0,341.0,44.467200000000005,0.0
454.0,86.0,343.0,44.7912,0.0
455.0,86.0,290.0,44.8848,0.0
456.0,86.0,305.0,44.8272,0.0
457.0,85.0,276.0,44.6616,0.0
458.0,85.0,296.0,44.4744,0.0
459.0,84.0,271.0,44.1828,0.0
460.0,84.0,349.0,44.046,0.0
461.0,84.0,338.0,43.8984,0.0
462.0,84.0,326.0,43.6968,0.0
463.0,86.0,309.0,43.4052,0.0
464.0,89.0,328.0,43.1244,0.0
465.0,88.0,312.0,42.804,0.0
466.0,88.0,321.0,42.458400000000005,0.0
467.0,87.0,338.0,42.2784,0.0
468.0,87.0,344.0,42.2424,0.0
469.0,86.0,317.0,41.904,0.0
470.0,86.0,307.0,41.5188,0.0
471.0,85.0,329.0,41.2992,0.0
472.0,85.0,328.0,41.0004,0.0
473.0,84.0,338.0,40.9428,0.0
474.0,84.0,343.0,40.9932,0.0
475.0,84.0,336.0,41.0004,0.0
476.0,83.0,283.0,40.878,0.0
477.0,83.0,289.0,40.6188,0.0
478.0,82.0,297.0,40.3632,0.0
479.0,82.0,307.0,40.104000000000006,0.0
480.0,82.0,328.0,39.8592,0.0
481.0,81.0,335.0,39.6576,0.0
482.0,81.0,330.0,39.4884,0.0
483.0,81.0,325.0,39.330000000000005,0.0
484.0,81.0,337.0,39.1752,0.0
485.0,81.0,333.0,39.0708,0.0
486.0,81.0,319.0,38.9304,0.0
487.0,81.0,309.0,38.754000000000005,0.0
488.0,81.0,296.0,38.5488,0.0
489.0,80.0,290.0,38.304,0.0
490.0,80.0,283.0,37.998,0.0
491.0,80.0,309.0,37.77120000000001,0.0
492.0,79.0,306.0,37.5696,0.0
493.0,78.0,286.0,37.299600000000005,0.0
494.0,78.0,314.0,37.0188,0.0
495.0,83.0,327.0,36.8136,0.0
496.0,83.0,322.0,36.619200000000006,0.0
497.0,82.0,324.0,36.3744,0.0
498.0,82.0,331.0,36.1008,0.0
499.0,81.0,329.0,35.7912,0.0
500.0,80.0,309.0,35.388,0.0
501.0,82.0,325.0,34.8768,0.0
502.0,84.0,354.0,34.2612,0.0
503.0,81.0,344.0,33.264,0.0
504.0,79.0,329.0,32.0904,0.0
505.0,77.0,331.0,30.963600000000003,0.0
506.0,75.0,327.0,30.1644,0.0
507.0,73.0,302.0,29.772,0.0
508.0,74.0,294.0,30.096,0.0
509.0,75.0,291.0,31.1076,0.0
510.0,79.0,232.0,32.522400000000005,0.0
511.0,80.0,194.0,33.998400000000004,0.0
512.0,83.0,182.0,35.5032,0.0
513.0,82.0,207.0,37.0548,0.0
514.0,81.0,248.0,38.8296,0.0
515.0,84.0,197.0,40.3308,0.0
516.0,83.0,200.0,41.6844,0.0
517.0,81.0,235.0,42.7968,0.0
518.0,83.0,264.0,43.5744,0.0
519.0,83.0,269.0,43.5276,0.0
520.0,82.0,263.0,42.1812,0.0
521.0,75.0,263.0,39.6144,0.0
522.0,76.0,279.0,37.7244,0.0
523.0,75.0,284.0,35.787600000000005,0.0
524.0,73.0,262.0,34.0236,0.0
525.0,73.0,229.0,33.876000000000005,0.0
526.0,74.0,217.0,35.2872,0.0
527.0,77.0,240.0,37.746,0.0
528.0,78.0,254.0,40.507200000000005,0.0
529.0,81.0,249.0,43.4628,0.0
530.0,81.0,250.0,46.2564,0.0
531.0,79.0,257.0,48.96,0.0
532.0,80.0,256.0,51.4764,0.0
533.0,82.0,261.0,53.9568,0.0
534.0,85.0,138.0,56.358,0.0
535.0,86.0,156.0,57.8124,0.0
536.0,86.0,139.0,58.3524,0.0
537.0,86.0,139.0,58.6008,0.0
538.0,86.0,139.0,58.8132,0.0
539.0,0.0,0.0,59.17320000000001,0.0
540.0,0.0,0.0,59.421600000000005,0.0
541.0,0.0,0.0,58.9464,0.0
542.0,0.0,0.0,57.8124,0.0
543.0,91.0,250.0,57.052800000000005,0.0
544.0,77.0,277.0,56.61,0.0
545.0,79.0,345.0,55.9152,0.0
546.0,79.0,339.0,54.9072,0.0
547.0,77.0,321.0,53.1828,0.0
548.0,79.0,332.0,51.0624,0.0
549.0,79.0,324.0,48.6036,0.0
550.0,77.0,328.0,46.2024,0.0
551.0,80.0,350.0,43.7436,0.0
552.0,76.0,374.0,41.4612,0.0
553.0,74.0,441.0,39.171600000000005,0.0
554.0,77.0,441.0,36.648,0.0
555.0,81.0,499.0,33.894,0.0
556.0,78.0,477.0,31.3992,0.0
557.0,75.0,477.0,29.1096,0.0
558.0,73.0,442.0,26.8344,0.0
559.0,70.0,409.0,25.1208,0.0
560.0,68.0,381.0,24.4008,0.0
561.0,71.0,380.0,24.912,0.0
562.0,76.0,366.0,26.7156,0.0
563.0,83.0,382.0,29.037600000000005,0.0
564.0,76.0,363.0,30.4812,0.0
565.0,80.0,353.0,31.831200000000003,0.0
566.0,84.0,310.0,32.983200000000004,0.0
567.0,79.0,327.0,33.9444,0.0
568.0,82.0,362.0,34.912800000000004,0.0
569.0,84.0,379.0,36.036,0.0
570.0,86.0,362.0,36.9972,0.0
571.0,87.0,332.0,37.584,0.0
572.0,89.0,351.0,38.3904,0.0
573.0,86.0,374.0,39.6756,0.0
574.0,87.0,325.0,40.824,0.0
575.0,83.0,331.0,41.8032,0.0
576.0,84.0,334.0,42.8508,0.0
577.0,86.0,323.0,43.8444,0.0
578.0,86.0,323.0,44.7588,0.0
579.0,84.0,338.0,45.6264,0.0
580.0,82.0,343.0,46.548,0.0
581.0,83.0,316.0,47.34,0.0
582.0,84.0,274.0,47.9412,0.0
583.0,83.0,257.0,48.402,0.0
584.0,83.0,238.0,48.7368,0.0
585.0,83.0,227.0,48.9384,0.0
586.0,82.0,221.0,49.0428,0.0
587.0,82.0,233.0,48.8952,0.0
588.0,81.0,200.0,48.5928,0.0
589.0,81.0,194.0,48.2544,0.0
590.0,81.0,217.0,47.973600000000005,0.0
591.0,81.0,246.0,47.7396,0.0
592.0,80.0,250.0,47.556,0.0
593.0,81.0,246.0,47.4336,0.0
594.0,81.0,235.0,47.2716,0.0
595.0,80.0,209.0,47.0124,0.0
596.0,80.0,217.0,46.7784,0.0
597.0,80.0,219.0,46.9116,0.0
598.0,80.0,209.0,47.0808,0.0
599.0,80.0,240.0,47.1996,0.0
600.0,79.0,224.0,47.4084,0.0
601.0,79.0,221.0,47.7792,0.0
602.0,79.0,223.0,48.2616,0.0
603.0,81.0,210.0,48.7152,0.0
604.0,85.0,222.0,49.1472,0.0
605.0,85.0,212.0,49.6044,0.0
606.0,85.0,186.0,50.004000000000005,0.0
607.0,85.0,146.0,50.3712,0.0
608.0,84.0,163.0,50.8248,0.0
609.0,78.0,160.0,51.4152,0.0
610.0,78.0,111.0,52.092000000000006,0.0
611.0,78.0,93.0,52.7796,0.0
612.0,78.0,75.0,53.5032,0.0
613.0,78.0,75.0,54.252,0.0
614.0,78.0,75.0,55.0476,0.0
615.0,0.0,0.0,55.6776,0.0
616.0,0.0,0.0,56.2644,0.0
617.0,0.0,0.0,57.2436,0.0
618.0,0.0,0.0,58.356,0.0
619.0,0.0,0.0,59.22720000000001,0.0
620.0,0.0,0.0,59.7636,0.0
621.0,0.0,0.0,60.1092,0.0
622.0,0.0,0.0,60.2352,0.0
623.0,0.0,0.0,60.29280000000001,0.0
624.0,0.0,0.0,60.18840000000001,0.0
625.0,0.0,0.0,59.7672,0.0
626.0,0.0,0.0,58.9464,0.0
627.0,0.0,0.0,57.4776,0.0
628.0,0.0,0.0,55.9476,0.0
629.0,71.0,171.0,54.8748,0.0
630.0,63.0,191.0,54.3096,0.0
631.0,68.0,209.0,53.8956,0.0
632.0,73.0,215.0,53.625600000000006,0.0
633.0,75.0,215.0,53.3592,0.0
634.0,75.0,203.0,53.136,0.0
635.0,76.0,197.0,52.8516,0.0
636.0,76.0,186.0,52.5024,0.0
637.0,76.0,185.0,52.1676,0.0
638.0,77.0,180.0,51.8112,0.0
639.0,77.0,150.0,51.43320000000001,0.0
640.0,76.0,128.0,50.9796,0.0
641.0,76.0,142.0,50.4468,0.0
642.0,76.0,155.0,49.9788,0.0
643.0,76.0,144.0,49.5108,0.0
644.0,75.0,157.0,49.068000000000005,0.0
645.0,75.0,156.0,48.6432,0.0
646.0,75.0,156.0,48.2184,0.0
647.0,75.0,149.0,47.7576,0.0
648.0,74.0,157.0,47.3508,0.0
649.0,76.0,143.0,46.9728,0.0
650.0,79.0,157.0,46.6056,0.0
651.0,79.0,154.0,46.2024,0.0
652.0,78.0,154.0,45.7452,0.0
653.0,78.0,159.0,45.3672,0.0
654.0,78.0,173.0,45.0036,0.0
655.0,79.0,186.0,44.7012,0.0
656.0,79.0,175.0,44.46360000000001,0.0
657.0,79.0,188.0,44.2836,0.0
658.0,79.0,194.0,44.172,0.0
659.0,80.0,190.0,44.0208,0.0
660.0,80.0,188.0,43.8264,0.0
661.0,80.0,194.0,43.65,0.0
662.0,81.0,198.0,43.5096,0.0
663.0,81.0,201.0,43.4592,0.0
664.0,81.0,218.0,43.47,0.0
665.0,82.0,220.0,43.5168,0.0
666.0,83.0,217.0,43.6248,0.0
667.0,83.0,215.0,43.668000000000006,0.0
668.0,83.0,206.0,43.6824,0.0
669.0,83.0,184.0,43.5708,0.0
670.0,83.0,208.0,43.4196,0.0
671.0,83.0,223.0,43.3044,0.0
672.0,83.0,210.0,43.2216,0.0
673.0,83.0,180.0,43.1388,0.0
674.0,83.0,166.0,43.0524,0.0
675.0,83.0,179.0,43.1064,0.0
676.0,83.0,169.0,43.311600000000006,0.0
677.0,83.0,166.0,43.722,0.0
678.0,80.0,187.0,44.3016,0.0
679.0,80.0,213.0,45.1944,0.0
680.0,81.0,194.0,46.299600000000005,0.0
681.0,80.0,181.0,47.484,0.0
682.0,79.0,216.0,48.9744,0.0
683.0,80.0,207.0,50.7024,0.0
684.0,84.0,165.0,53.532,0.0
685.0,86.0,152.0,56.7036,0.0
686.0,89.0,192.0,58.4568,0.0
687.0,89.0,192.0,57.5316,0.0
688.0,88.0,218.0,55.1196,0.0
689.0,87.0,221.0,52.3476,0.0
690.0,89.0,239.0,49.6512,0.0
691.0,87.0,265.0,47.0592,0.0
692.0,89.0,258.0,44.604000000000006,0.0
693.0,92.0,283.0,42.3072,0.0
694.0,87.0,301.0,40.266000000000005,0.0
695.0,84.0,280.0,38.6676,0.0
696.0,83.0,245.0,37.576800000000006,0.0
697.0,83.0,208.0,37.0368,0.0
698.0,85.0,155.0,37.4004,0.0
699.0,88.0,130.0,38.0808,0.0
700.0,85.0,143.0,38.664,0.0
701.0,76.0,232.0,39.0816,0.0
702.0,79.0,243.0,39.438,0.0
703.0,81.0,254.0,39.7728,0.0
704.0,82.0,236.0,40.0644,0.0
705.0,85.0,239.0,40.302,0.0
706.0,86.0,250.0,40.626000000000005,0.0
707.0,87.0,120.0,40.788,0.0
708.0,87.0,102.0,40.7016,0.0
709.0,86.0,85.0,40.662,0.0
710.0,86.0,97.0,40.7664,0.0
711.0,86.0,103.0,41.119200000000006,0.0
712.0,86.0,149.0,41.6988,0.0
713.0,80.0,196.0,42.5304,0.0
714.0,80.0,181.0,43.3656,0.0
715.0,81.0,185.0,44.208,0.0
716.0,83.0,163.0,44.9496,0.0
717.0,83.0,156.0,45.5796,0.0
718.0,84.0,148.0,46.058400000000006,0.0
719.0,84.0,191.0,46.332,0.0
720.0,84.0,199.0,45.9468,0.0
721.0,83.0,187.0,45.6264,0.0
722.0,82.0,156.0,45.3528,0.0
723.0,82.0,153.0,44.9568,0.0
724.0,82.0,171.0,44.7948,0.0
725.0,82.0,210.0,44.7372,0.0
726.0,84.0,326.0,44.8308,0.0
727.0,85.0,346.0,45.0972,0.0
728.0,86.0,319.0,45.421200000000006,0.0
729.0,87.0,370.0,45.378,0.0
730.0,86.0,371.0,44.52120000000001,0.0
731.0,84.0,380.0,42.9048,0.0
732.0,89.0,462.0,40.5216,0.0
733.0,84.0,651.0,37.764,0.0
734.0,88.0,624.0,34.6284,0.0
735.0,86.0,602.0,31.402800000000003,0.0
736.0,82.0,649.0,28.638,0.0
737.0,79.0,631.0,26.6868,0.0
738.0,77.0,585.0,25.2324,0.0
739.0,74.0,561.0,24.2928,0.0
740.0,76.0,546.0,24.084000000000003,0.0
741.0,77.0,509.0,24.2964,0.0
742.0,82.0,481.0,24.6636,0.0
743.0,84.0,488.0,25.2036,0.0
744.0,87.0,416.0,25.6464,0.0
745.0,88.0,390.0,25.9272,0.0
746.0,90.0,375.0,26.2332,0.0
747.0,91.0,393.0,26.4528,0.0
748.0,93.0,381.0,26.6472,0.0
749.0,94.0,402.0,26.928,0.0
750.0,95.0,392.0,27.1656,0.0
751.0,95.0,333.0,27.1836,0.0
752.0,95.0,367.0,26.9352,0.0
753.0,94.0,359.0,26.6184,0.0
754.0,94.0,387.0,26.2116,0.0
755.0,91.0,405.0,25.524,0.0
756.0,89.0,417.0,24.4476,0.0
757.0,83.0,458.0,23.0472,0.0
758.0,81.0,534.0,21.798,0.0
759.0,78.0,500.0,20.710800000000003,0.0
760.0,76.0,508.0,19.774800000000003,0.0
761.0,77.0,489.0,18.9252,0.0
762.0,74.0,472.0,18.2016,0.0
763.0,72.0,459.0,17.733600000000003,0.0
764.0,70.0,453.0,17.586,0.0
765.0,70.0,443.0,17.8344,0.0
766.0,72.0,452.0,18.5076,0.0
767.0,75.0,448.0,19.6884,0.0
768.0,83.0,403.0,21.078000000000003,0.0
769.0,85.0,357.0,22.374,0.0
770.0,84.0,356.0,23.7132,0.0
771.0,80.0,337.0,25.1964,0.0
772.0,77.0,325.0,26.6724,0.0
773.0,83.0,315.0,28.0908,0.0
774.0,86.0,298.0,29.4264,0.0
775.0,83.0,300.0,30.722400000000004,0.0
776.0,83.0,317.0,32.058,0.0
777.0,84.0,307.0,33.2496,0.0
778.0,86.0,285.0,34.1928,0.0
779.0,84.0,265.0,34.6536,0.0
780.0,83.0,287.0,35.0568,0.0
781.0,84.0,251.0,35.4204,0.0
782.0,84.0,274.0,35.694,0.0
783.0,85.0,286.0,36.0036,0.0
784.0,85.0,270.0,36.27,0.0
785.0,85.0,280.0,36.2412,0.0
786.0,85.0,335.0,36.424800000000005,0.0
787.0,85.0,341.0,36.2232,0.0
788.0,86.0,373.0,35.1252,0.0
789.0,85.0,400.0,33.102000000000004,0.0
790.0,86.0,417.0,30.5352,0.0
791.0,89.0,416.0,27.702,0.0
792.0,87.0,499.0,24.984,0.0
793.0,85.0,484.0,22.3956,0.0
794.0,82.0,502.0,20.0448,0.0
795.0,74.0,563.0,18.2016,0.0
796.0,72.0,554.0,17.3304,0.0
797.0,70.0,517.0,16.7652,0.0
798.0,69.0,480.0,16.401600000000002,0.0
799.0,69.0,466.0,16.4088,0.0
800.0,69.0,430.0,16.520400000000002,0.0
801.0,69.0,423.0,16.6428,0.0
802.0,70.0,430.0,16.8372,0.0
803.0,71.0,410.0,17.028000000000002,0.0
804.0,71.0,441.0,17.3556,0.0
805.0,72.0,432.0,17.658,0.0
806.0,73.0,407.0,17.935200000000002,0.0
807.0,74.0,397.0,17.924400000000002,0.0
808.0,73.0,397.0,17.8812,0.0
809.0,82.0,420.0,17.7984,0.0
810.0,82.0,408.0,17.9028,0.0
811.0,82.0,405.0,17.8668,0.0
812.0,81.0,402.0,17.8056,0.0
813.0,81.0,409.0,17.6832,0.0
814.0,79.0,403.0,17.5104,0.0
815.0,77.0,394.0,17.2548,0.0
816.0,76.0,379.0,16.8444,0.0
817.0,74.0,430.0,16.5996,0.0
818.0,72.0,471.0,16.8228,0.0
819.0,72.0,493.0,17.168400000000002,0.0
820.0,72.0,493.0,17.5968,0.0
821.0,72.0,497.0,18.0792,0.0
822.0,75.0,432.0,18.5328,0.0
823.0,76.0,400.0,18.8028,0.0
824.0,79.0,436.0,19.1088,0.0
825.0,81.0,408.0,19.5696,0.0
826.0,84.0,373.0,19.8684,0.0
827.0,85.0,356.0,20.034,0.0
828.0,87.0,363.0,20.1744,0.0
829.0,88.0,367.0,20.282400000000003,0.0
830.0,89.0,365.0,20.3508,0.0
831.0,89.0,362.0,20.1492,0.0
832.0,88.0,368.0,19.6776,0.0
833.0,86.0,345.0,18.8208,0.0
834.0,81.0,364.0,17.557199999999998,0.0
835.0,79.0,451.0,16.1568,0.0
836.0,78.0,485.0,15.1992,0.0
837.0,76.0,488.0,14.7744,0.0
838.0,73.0,535.0,14.4288,0.0
839.0,71.0,561.0,14.22,0.0
840.0,70.0,588.0,14.256,0.0
841.0,70.0,573.0,14.2668,0.0
842.0,68.0,554.0,14.0976,0.0
843.0,67.0,564.0,14.0004,0.0
844.0,65.0,510.0,13.5432,0.0
845.0,63.0,512.0,13.291200000000002,0.0
846.0,63.0,550.0,13.4424,0.0
847.0,63.0,528.0,13.7556,0.0
848.0,63.0,491.0,13.8492,0.0
849.0,63.0,484.0,13.7448,0.0
850.0,62.0,465.0,13.7268,0.0
851.0,63.0,462.0,13.7376,0.0
852.0,63.0,448.0,13.8348,0.0
853.0,63.0,432.0,13.9896,0.0
854.0,64.0,427.0,14.166,0.0
855.0,65.0,419.0,14.436,0.0
856.0,67.0,417.0,14.832,0.0
857.0,68.0,403.0,15.2352,0.0
858.0,73.0,391.0,15.9948,0.0
859.0,75.0,401.0,16.606800000000003,0.0
860.0,78.0,408.0,17.445600000000002,0.0
861.0,84.0,389.0,18.6264,0.0
862.0,87.0,338.0,19.555200000000003,0.0
863.0,83.0,408.0,20.772,0.0
864.0,87.0,388.0,22.2192,0.0
865.0,87.0,409.0,23.4864,0.0
866.0,90.0,429.0,25.1748,0.0
867.0,84.0,372.0,26.5716,0.0
868.0,82.0,395.0,27.9432,0.0
869.0,84.0,359.0,29.2176,0.0
870.0,88.0,295.0,30.3336,0.0
871.0,90.0,267.0,31.158,0.0
872.0,83.0,339.0,32.1948,0.0
873.0,84.0,318.0,33.246,0.0
874.0,87.0,276.0,34.181999999999995,0.0
875.0,87.0,260.0,34.830000000000005,0.0
876.0,88.0,235.0,35.348400000000005,0.0
877.0,87.0,142.0,35.3412,0.0
878.0,87.0,263.0,35.3664,0.0
879.0,88.0,277.0,35.5896,0.0
880.0,88.0,335.0,35.7732,0.0
881.0,88.0,350.0,35.7192,0.0
882.0,87.0,366.0,35.38440000000001,0.0
883.0,86.0,374.0,35.0424,0.0
884.0,86.0,360.0,34.7652,0.0
885.0,85.0,371.0,34.5816,0.0
886.0,85.0,347.0,34.3764,0.0
887.0,84.0,344.0,34.1424,0.0
888.0,83.0,352.0,33.9804,0.0
889.0,83.0,348.0,33.8472,0.0
890.0,83.0,356.0,33.7212,0.0
891.0,82.0,326.0,33.57,0.0
892.0,81.0,306.0,33.282,0.0
893.0,81.0,323.0,33.1056,0.0
894.0,80.0,307.0,32.8644,0.0
895.0,89.0,320.0,32.6196,0.0
896.0,88.0,327.0,32.4324,0.0
897.0,87.0,308.0,32.2272,0.0
898.0,86.0,319.0,31.986,0.0
899.0,85.0,283.0,31.7016,0.0
900.0,84.0,333.0,31.3416,0.0
901.0,84.0,323.0,31.086,0.0
902.0,83.0,339.0,30.798,0.0
903.0,82.0,321.0,30.423600000000004,0.0
904.0,97.0,263.0,29.8008,0.0
905.0,94.0,312.0,28.9476,0.0
906.0,92.0,345.0,28.3392,0.0
907.0,91.0,353.0,27.7308,0.0
908.0,89.0,407.0,27.0,0.0
909.0,87.0,387.0,26.0208,0.0
910.0,81.0,425.0,24.5052,0.0
911.0,79.0,517.0,23.4432,0.0
912.0,81.0,508.0,22.23,0.0
913.0,77.0,515.0,20.818800000000003,0.0
914.0,75.0,553.0,19.458,0.0
915.0,78.0,561.0,18.324,0.0
916.0,74.0,535.0,17.2836,0.0
917.0,72.0,532.0,16.416,0.0
918.0,70.0,505.0,15.8112,0.0
919.0,68.0,488.0,15.3288,0.0
920.0,67.0,501.0,15.2424,0.0
921.0,67.0,466.0,15.2496,0.0
922.0,69.0,458.0,15.5304,0.0
923.0,72.0,466.0,16.041600000000003,0.0
924.0,74.0,473.0,16.8156,0.0
925.0,78.0,459.0,17.755200000000002,0.0
926.0,83.0,374.0,18.6192,0.0
927.0,84.0,331.0,19.0152,0.0
928.0,80.0,344.0,19.584000000000003,0.0
929.0,80.0,316.0,20.214,0.0
930.0,82.0,310.0,20.8296,0.0
931.0,86.0,304.0,21.5136,0.0
932.0,84.0,315.0,22.23,0.0
933.0,83.0,338.0,23.166,0.0
934.0,86.0,273.0,23.9436,0.0
935.0,86.0,278.0,24.6276,0.0
936.0,75.0,287.0,25.347600000000003,0.0
937.0,77.0,316.0,26.1972,0.0
938.0,79.0,351.0,27.342,0.0
939.0,81.0,320.0,28.3212,0.0
940.0,84.0,264.0,29.088,0.0
941.0,84.0,244.0,29.736,0.0
942.0,77.0,256.0,30.340800000000005,0.0
943.0,77.0,234.0,30.9816,0.0
944.0,78.0,241.0,31.6332,0.0
945.0,81.0,257.0,32.3424,0.0
946.0,81.0,240.0,33.0372,0.0
947.0,82.0,272.0,33.822,0.0
948.0,83.0,174.0,34.50600000000001,0.0
949.0,83.0,177.0,34.6392,0.0
950.0,84.0,198.0,34.5636,0.0
951.0,83.0,142.0,34.9236,0.0
952.0,83.0,166.0,35.352000000000004,0.0
953.0,79.0,255.0,35.982,0.0
954.0,80.0,218.0,36.81,0.0
955.0,81.0,247.0,37.6488,0.0
956.0,82.0,200.0,38.61,0.0
957.0,82.0,141.0,39.470400000000005,0.0
958.0,83.0,179.0,40.6188,0.0
959.0,80.0,182.0,42.2064,0.0
960.0,81.0,139.0,44.0136,0.0
961.0,79.0,203.0,46.2096,0.0
962.0,80.0,232.0,48.8124,0.0
963.0,81.0,228.0,51.822,0.0
964.0,81.0,234.0,55.3932,0.0
965.0,82.0,75.0,59.1084,0.0
966.0,82.0,75.0,62.52120000000001,0.0
967.0,82.0,75.0,65.8908,0.0
968.0,0.0,0.0,68.7312,0.0
969.0,0.0,0.0,69.8112,0.0
970.0,0.0,0.0,68.83200000000001,0.0
971.0,0.0,0.0,66.2832,0.0
972.0,0.0,0.0,63.8532,0.0
973.0,0.0,0.0,62.406000000000006,0.0
974.0,0.0,0.0,62.244,0.0
975.0,0.0,0.0,63.0756,0.0
976.0,0.0,0.0,64.422,0.0
977.0,0.0,0.0,65.8836,0.0
978.0,0.0,0.0,67.48559999999999,0.0
979.0,0.0,0.0,69.11280000000001,0.0
980.0,0.0,0.0,70.71480000000001,0.0
981.0,0.0,0.0,72.216,0.0
982.0,0.0,0.0,73.4616,0.0
983.0,0.0,0.0,73.49040000000001,0.0
984.0,0.0,0.0,72.2664,0.0
985.0,0.0,0.0,69.6276,0.0
986.0,0.0,0.0,66.9024,0.0
987.0,81.0,172.0,64.79639999999999,0.0
988.0,72.0,254.0,63.3276,0.0
989.0,72.0,261.0,62.3304,0.0
990.0,72.0,243.0,61.938,0.0
991.0,72.0,210.0,61.5132,0.0
992.0,73.0,203.0,61.171200000000006,0.0
993.0,74.0,205.0,61.369200000000006,0.0
994.0,75.0,196.0,62.4708,0.0
995.0,77.0,172.0,63.9288,0.0
996.0,77.0,172.0,65.268,0.0
997.0,77.0,172.0,66.5064,0.0
998.0,76.0,172.0,67.7196,0.0
999.0,0.0,0.0,69.102,0.0
1000.0,0.0,0.0,70.6284,0.0
1001.0,0.0,0.0,71.8956,0.0
1002.0,0.0,0.0,72.6336,0.0
1003.0,0.0,0.0,73.11240000000001,0.0
1004.0,0.0,0.0,73.4832,0.0
1005.0,0.0,0.0,73.7784,0.0
1006.0,0.0,0.0,73.9872,0.0
1007.0,0.0,0.0,74.1348,0.0
1008.0,0.0,0.0,74.196,0.0
1009.0,0.0,0.0,74.1132,0.0
1010.0,0.0,0.0,73.56240000000001,0.0
1011.0,0.0,0.0,70.7868,0.0
1012.0,74.0,191.0,67.64040000000001,0.0
1013.0,70.0,191.0,65.2428,0.0
1014.0,69.0,198.0,63.1944,0.0
1015.0,72.0,206.0,61.2072,0.0
1016.0,73.0,205.0,59.364,0.0
1017.0,73.0,201.0,57.646800000000006,0.0
1018.0,72.0,211.0,55.836,0.0
1019.0,71.0,215.0,54.1584,0.0
1020.0,70.0,214.0,52.830000000000005,0.0
1021.0,70.0,203.0,52.4016,0.0
1022.0,71.0,133.0,53.1612,0.0
1023.0,72.0,162.0,55.4652,0.0
1024.0,73.0,218.0,59.079600000000006,0.0
1025.0,74.0,238.0,62.2548,0.0
1026.0,79.0,196.0,64.6488,0.0
1027.0,80.0,189.0,65.7072,0.0
1028.0,74.0,206.0,66.0852,0.0
1029.0,74.0,223.0,66.2832,0.0
1030.0,74.0,200.0,66.52080000000001,0.0
1031.0,74.0,100.0,66.7908,0.0
1032.0,74.0,100.0,67.60079999999999,0.0
1033.0,74.0,100.0,69.732,0.0
1034.0,0.0,0.0,72.8208,0.0
1035.0,0.0,0.0,75.8772,0.0
1036.0,0.0,0.0,76.8852,0.0
1037.0,0.0,0.0,76.6224,0.0
1038.0,0.0,0.0,74.6352,0.0
1039.0,0.0,0.0,72.78840000000001,0.0
1040.0,0.0,0.0,70.1496,0.0
1041.0,0.0,0.0,67.6836,0.0
1042.0,0.0,0.0,66.20400000000001,0.0
1043.0,0.0,0.0,65.5596,0.0
1044.0,0.0,0.0,65.1924,0.0
1045.0,0.0,0.0,65.2896,0.0
1046.0,0.0,0.0,65.71440000000001,0.0
1047.0,0.0,0.0,66.2184,0.0
1048.0,0.0,0.0,66.6504,0.0
1049.0,0.0,0.0,67.0716,0.0
1050.0,0.0,0.0,67.5036,0.0
1051.0,0.0,0.0,67.99680000000001,0.0
1052.0,0.0,0.0,68.51520000000001,0.0
1053.0,0.0,0.0,68.99040000000001,0.0
1054.0,0.0,0.0,69.552,0.0
1055.0,0.0,0.0,69.912,0.0
1056.0,0.0,0.0,69.5304,0.0
1057.0,0.0,0.0,69.11640000000001,0.0
1058.0,0.0,0.0,68.68440000000001,0.0
1059.0,0.0,0.0,68.1228,0.0
1060.0,74.0,139.0,67.02120000000001,0.0
1061.0,67.0,204.0,66.1104,0.0
1062.0,71.0,275.0,64.6344,0.0
1063.0,70.0,279.0,62.5608,0.0
1064.0,67.0,280.0,59.88600000000001,0.0
1065.0,65.0,258.0,56.7036,0.0
1066.0,68.0,215.0,55.3788,0.0
1067.0,71.0,216.0,53.658,0.0
1068.0,68.0,160.0,51.2928,0.0
1069.0,66.0,166.0,49.0284,0.0
1070.0,67.0,166.0,47.8764,0.0
1071.0,68.0,177.0,47.6316,0.0
1072.0,69.0,180.0,47.3616,0.0
1073.0,70.0,186.0,46.512,0.0
1074.0,70.0,209.0,45.4752,0.0
1075.0,75.0,222.0,44.5608,0.0
1076.0,76.0,266.0,44.154,0.0
1077.0,77.0,257.0,44.1504,0.0
1078.0,80.0,256.0,44.4024,0.0
1079.0,81.0,262.0,44.7624,0.0
1080.0,84.0,280.0,45.216,0.0
1081.0,85.0,241.0,45.702000000000005,0.0
1082.0,83.0,213.0,46.044,0.0
1083.0,81.0,185.0,46.4544,0.0
1084.0,82.0,193.0,46.7856,0.0
1085.0,82.0,197.0,47.1096,0.0
1086.0,83.0,196.0,47.314800000000005,0.0
1087.0,83.0,146.0,47.43000000000001,0.0
1088.0,82.0,152.0,47.5596,0.0
1089.0,83.0,176.0,47.8044,0.0
1090.0,80.0,205.0,48.1536,0.0
1091.0,79.0,221.0,48.5064,0.0
1092.0,79.0,221.0,48.798,0.0
1093.0,79.0,238.0,47.1744,0.0
1094.0,80.0,247.0,47.3112,0.0
1095.0,80.0,263.0,47.2716,0.0
1096.0,81.0,281.0,46.962,0.0
1097.0,80.0,268.0,46.2528,0.0
1098.0,79.0,329.0,45.1512,0.0
1099.0,79.0,430.0,44.2548,0.0
1100.0,78.0,419.0,43.3764,0.0
1101.0,77.0,405.0,42.3,0.0
1102.0,77.0,422.0,41.2128,0.0
1103.0,76.0,423.0,40.1652,0.0
1104.0,75.0,435.0,39.186,0.0
1105.0,74.0,426.0,38.2968,0.0
1106.0,73.0,416.0,37.4868,0.0
1107.0,73.0,450.0,36.882,0.0
1108.0,72.0,431.0,36.2988,0.0
1109.0,74.0,423.0,35.676,0.0
1110.0,76.0,439.0,35.0676,0.0
1111.0,76.0,448.0,34.5636,0.0
1112.0,75.0,436.0,34.1352,0.0
1113.0,75.0,430.0,33.6888,0.0
1114.0,74.0,439.0,33.300000000000004,0.0
1115.0,74.0,434.0,33.012,0.0
1116.0,74.0,453.0,32.8356,0.0
1117.0,74.0,433.0,32.7816,0.0
1118.0,74.0,434.0,32.832,0.0
1119.0,75.0,422.0,33.0696,0.0
1120.0,76.0,385.0,33.4224,0.0
1121.0,77.0,345.0,33.955200000000005,0.0
1122.0,80.0,288.0,34.8012,0.0
1123.0,79.0,286.0,35.9244,0.0
1124.0,78.0,314.0,36.8712,0.0
1125.0,79.0,299.0,37.584,0.0
1126.0,80.0,263.0,38.286,0.0
1127.0,80.0,228.0,39.042,0.0
1128.0,76.0,222.0,40.0752,0.0
1129.0,77.0,190.0,41.4792,0.0
1130.0,78.0,187.0,43.1388,0.0
1131.0,76.0,200.0,44.9424,0.0
1132.0,76.0,218.0,46.6524,0.0
1133.0,77.0,194.0,48.078,0.0
1134.0,77.0,197.0,49.0932,0.0
1135.0,79.0,233.0,49.9608,0.0
1136.0,79.0,247.0,51.1452,0.0
1137.0,80.0,250.0,52.1928,0.0
1138.0,80.0,180.0,52.891200000000005,0.0
1139.0,80.0,221.0,53.424,0.0
1140.0,80.0,219.0,53.946,0.0
1141.0,80.0,217.0,53.9964,0.0
1142.0,80.0,221.0,53.0892,0.0
1143.0,79.0,233.0,51.6384,0.0
1144.0,78.0,241.0,50.7672,0.0
1145.0,77.0,215.0,50.5044,0.0
1146.0,77.0,242.0,50.3964,0.0
1147.0,77.0,238.0,50.2164,0.0
1148.0,77.0,272.0,50.0076,0.0
1149.0,77.0,275.0,49.7376,0.0
1150.0,78.0,262.0,49.2948,0.0
1151.0,82.0,303.0,48.9312,0.0
1152.0,81.0,317.0,48.549600000000005,0.0
1153.0,80.0,293.0,48.294,0.0
1154.0,79.0,270.0,47.9808,0.0
1155.0,78.0,277.0,46.2888,0.0
1156.0,78.0,245.0,46.152,0.0
1157.0,83.0,222.0,45.918000000000006,0.0
1158.0,83.0,274.0,45.7128,0.0
1159.0,82.0,270.0,45.4968,0.0
1160.0,81.0,257.0,44.8848,0.0
1161.0,84.0,262.0,43.6572,0.0
1162.0,81.0,238.0,42.4512,0.0
1163.0,79.0,208.0,41.6664,0.0
1164.0,78.0,176.0,41.1912,0.0
1165.0,77.0,189.0,40.8204,0.0
1166.0,78.0,234.0,40.716,0.0
1167.0,78.0,238.0,40.788,0.0
1168.0,78.0,194.0,40.8744,0.0
1169.0,79.0,213.0,40.9464,0.0
1170.0,79.0,205.0,41.184,0.0
1171.0,80.0,176.0,42.0048,0.0
1172.0,81.0,134.0,43.3512,0.0
1173.0,82.0,128.0,44.2152,0.0
1174.0,82.0,195.0,44.0604,0.0
1175.0,81.0,233.0,43.5492,0.0
1176.0,81.0,248.0,42.9696,0.0
1177.0,81.0,312.0,42.4548,0.0
1178.0,82.0,298.0,41.8968,0.0
1179.0,81.0,294.0,41.2128,0.0
1180.0,80.0,287.0,40.4568,0.0
1181.0,79.0,297.0,39.564,0.0
1182.0,78.0,309.0,38.5704,0.0
1183.0,74.0,304.0,36.9648,0.0
1184.0,72.0,326.0,34.9848,0.0
1185.0,68.0,340.0,32.9436,0.0
1186.0,67.0,316.0,31.1796,0.0
1187.0,66.0,295.0,29.9664,0.0
1188.0,65.0,288.0,29.5416,0.0
1189.0,65.0,267.0,29.61,0.0
1190.0,67.0,262.0,30.042,0.0
1191.0,69.0,301.0,30.585600000000003,0.0
1192.0,70.0,247.0,31.0608,0.0
1193.0,71.0,249.0,31.302000000000003,0.0
1194.0,72.0,266.0,31.5468,0.0
1195.0,73.0,236.0,31.7052,0.0
1196.0,73.0,228.0,31.7988,0.0
1197.0,74.0,242.0,31.9392,0.0
1198.0,75.0,239.0,32.1552,0.0
1199.0,75.0,237.0,32.4576,0.0
1200.0,76.0,191.0,32.7528,0.0
1201.0,77.0,185.0,33.1524,0.0
1202.0,78.0,188.0,33.804,0.0
1203.0,75.0,237.0,34.833600000000004,0.0
1204.0,76.0,218.0,36.0864,0.0
1205.0,79.0,218.0,37.3284,0.0
1206.0,75.0,222.0,38.538,0.0
1207.0,76.0,208.0,39.762,0.0
1208.0,76.0,211.0,40.8348,0.0
1209.0,77.0,183.0,41.5872,0.0
1210.0,77.0,197.0,41.8464,0.0
1211.0,77.0,217.0,41.796,0.0
1212.0,77.0,225.0,42.3324,0.0
1213.0,77.0,159.0,42.8112,0.0
1214.0,77.0,175.0,43.2396,0.0
1215.0,77.0,166.0,43.5096,0.0
1216.0,77.0,159.0,43.5924,0.0
1217.0,76.0,153.0,43.5456,0.0
1218.0,76.0,151.0,43.44840000000001,0.0
1219.0,76.0,154.0,43.3584,0.0
1220.0,77.0,142.0,43.2612,0.0
1221.0,79.0,137.0,43.14960000000001,0.0
1222.0,79.0,141.0,43.2396,0.0
1223.0,79.0,130.0,43.7364,0.0
1224.0,80.0,137.0,44.2116,0.0
1225.0,80.0,173.0,43.92,0.0
1226.0,79.0,204.0,43.3152,0.0
1227.0,78.0,224.0,42.6168,0.0
1228.0,77.0,229.0,42.012,0.0
1229.0,76.0,196.0,41.5908,0.0
1230.0,76.0,189.0,41.281200000000005,0.0
1231.0,76.0,183.0,41.202000000000005,0.0
1232.0,76.0,168.0,41.292,0.0
1233.0,76.0,160.0,41.3892,0.0
1234.0,77.0,173.0,41.526,0.0
1235.0,77.0,182.0,41.7132,0.0
1236.0,79.0,222.0,41.9796,0.0
1237.0,80.0,258.0,42.3504,0.0
1238.0,80.0,267.0,42.8436,0.0
1239.0,82.0,254.0,43.3296,0.0
1240.0,83.0,245.0,43.8012,0.0
1241.0,81.0,218.0,44.1612,0.0
1242.0,79.0,240.0,44.5752,0.0
1243.0,80.0,222.0,45.144,0.0
1244.0,81.0,208.0,45.774,0.0
1245.0,81.0,203.0,46.6164,0.0
1246.0,82.0,216.0,47.7288,0.0
1247.0,84.0,223.0,49.5036,0.0
1248.0,86.0,206.0,50.9616,0.0
1249.0,86.0,259.0,51.3612,0.0
1250.0,86.0,289.0,51.27120000000001,0.0
1251.0,85.0,288.0,50.9508,0.0
1252.0,85.0,284.0,50.4108,0.0
1253.0,84.0,210.0,49.6404,0.0
1254.0,82.0,217.0,48.8376,0.0
1255.0,83.0,177.0,48.00600000000001,0.0
1256.0,84.0,149.0,46.9944,0.0
1257.0,82.0,164.0,45.738,0.0
1258.0,80.0,178.0,44.4456,0.0
1259.0,83.0,196.0,43.2936,0.0
1260.0,82.0,219.0,42.2568,0.0
1261.0,81.0,226.0,41.3568,0.0
1262.0,80.0,221.0,40.5252,0.0
1263.0,80.0,232.0,39.7944,0.0
1264.0,79.0,232.0,39.2616,0.0
1265.0,79.0,228.0,38.894400000000005,0.0
1266.0,79.0,212.0,38.6424,0.0
1267.0,79.0,213.0,38.5272,0.0
1268.0,80.0,231.0,38.5812,0.0
1269.0,80.0,215.0,38.7252,0.0
1270.0,81.0,215.0,38.8512,0.0
1271.0,82.0,206.0,38.9592,0.0
1272.0,82.0,212.0,39.0636,0.0
1273.0,83.0,224.0,39.276,0.0
1274.0,84.0,231.0,39.636,0.0
1275.0,84.0,227.0,40.0788,0.0
1276.0,85.0,175.0,40.4712,0.0
1277.0,83.0,160.0,40.7664,0.0
1278.0,80.0,197.0,40.878,0.0
1279.0,80.0,207.0,40.9464,0.0
1280.0,80.0,190.0,41.2056,0.0
1281.0,80.0,176.0,41.4504,0.0
1282.0,80.0,178.0,41.5692,0.0
1283.0,80.0,169.0,41.5764,0.0
1284.0,80.0,200.0,41.580000000000005,0.0
1285.0,80.0,235.0,41.641200000000005,0.0
1286.0,81.0,259.0,41.860800000000005,0.0
1287.0,81.0,245.0,42.066,0.0
1288.0,81.0,236.0,42.2028,0.0
1289.0,82.0,247.0,42.3468,0.0
1290.0,82.0,223.0,42.4548,0.0
1291.0,82.0,206.0,42.426,0.0
1292.0,82.0,207.0,42.318000000000005,0.0
1293.0,82.0,235.0,42.1416,0.0
1294.0,81.0,218.0,42.03,0.0
1295.0,81.0,229.0,41.7312,0.0
1296.0,80.0,230.0,41.058,0.0
1297.0,79.0,231.0,40.2912,0.0
1298.0,79.0,170.0,40.3308,0.0
1299.0,80.0,165.0,41.6196,0.0
1300.0,82.0,155.0,43.2,0.0
1301.0,83.0,168.0,44.0964,0.0
1302.0,83.0,201.0,44.845200000000006,0.0
1303.0,84.0,212.0,44.892,0.0
1304.0,83.0,216.0,44.3988,0.0
1305.0,82.0,238.0,43.3656,0.0
1306.0,80.0,269.0,42.3612,0.0
1307.0,82.0,287.0,41.184,0.0
1308.0,84.0,253.0,39.8988,0.0
1309.0,86.0,290.0,38.5236,0.0
1310.0,85.0,311.0,37.2348,0.0
1311.0,81.0,312.0,36.0864,0.0
1312.0,80.0,306.0,34.94520000000001,0.0
1313.0,93.0,319.0,33.7536,0.0
1314.0,94.0,360.0,32.6772,0.0
1315.0,90.0,387.0,31.233600000000003,0.0
1316.0,88.0,374.0,29.808,0.0
1317.0,83.0,331.0,28.4076,0.0
1318.0,82.0,359.0,27.090000000000003,0.0
1319.0,80.0,369.0,26.074800000000003,0.0
1320.0,85.0,367.0,25.1496,0.0
1321.0,84.0,350.0,24.39,0.0
1322.0,83.0,378.0,23.6736,0.0
1323.0,83.0,370.0,23.1516,0.0
1324.0,82.0,356.0,22.6224,0.0
1325.0,81.0,366.0,22.104,0.0
1326.0,81.0,361.0,21.7152,0.0
1327.0,81.0,363.0,21.456,0.0
1328.0,81.0,356.0,21.222,0.0
1329.0,81.0,351.0,21.0024,0.0
1330.0,80.0,355.0,20.8116,0.0
1331.0,80.0,357.0,20.628000000000004,0.0
1332.0,80.0,354.0,20.5272,0.0
1333.0,80.0,362.0,20.4624,0.0
1334.0,81.0,350.0,20.4084,0.0
1335.0,80.0,350.0,20.304,0.0
1336.0,80.0,340.0,20.1312,0.0
1337.0,80.0,339.0,19.983600000000003,0.0
1338.0,80.0,347.0,19.8684,0.0
1339.0,79.0,355.0,19.7604,0.0
1340.0,79.0,353.0,19.7712,0.0
1341.0,79.0,349.0,19.7784,0.0
1342.0,79.0,345.0,19.8072,0.0
1343.0,79.0,350.0,19.89,0.0
1344.0,80.0,339.0,20.062800000000003,0.0
1345.0,81.0,337.0,20.304,0.0
1346.0,82.0,342.0,20.682,0.0
1347.0,83.0,319.0,21.049200000000003,0.0
1348.0,85.0,290.0,21.3876,0.0
1349.0,85.0,280.0,21.6216,0.0
1350.0,81.0,339.0,22.1076,0.0
1351.0,82.0,324.0,22.7988,0.0
1352.0,84.0,326.0,23.418,0.0
1353.0,87.0,350.0,24.2676,0.0
1354.0,89.0,302.0,25.1856,0.0
1355.0,78.0,318.0,26.4024,0.0
1356.0,81.0,322.0,27.8208,0.0
1357.0,84.0,320.0,29.412,0.0
1358.0,88.0,238.0,30.675600000000003,0.0
1359.0,87.0,263.0,31.5864,0.0
1360.0,82.0,255.0,32.3712,0.0
1361.0,82.0,270.0,32.7744,0.0
1362.0,83.0,305.0,33.4692,0.0
1363.0,85.0,338.0,34.1532,0.0
1364.0,85.0,345.0,34.2936,0.0
1365.0,83.0,354.0,33.49080000000001,0.0
1366.0,83.0,351.0,32.281200000000005,0.0
1367.0,85.0,393.0,30.5928,0.0
1368.0,92.0,383.0,28.4832,0.0
1369.0,91.0,441.0,26.0532,0.0
1370.0,90.0,464.0,23.4828,0.0
1371.0,81.0,545.0,21.4092,0.0
1372.0,78.0,517.0,19.6272,0.0
1373.0,77.0,512.0,18.2376,0.0
1374.0,77.0,512.0,17.3268,0.0
1375.0,72.0,467.0,16.6572,0.0
1376.0,70.0,480.0,16.2684,0.0
1377.0,71.0,488.0,16.38,0.0
1378.0,73.0,465.0,16.790399999999998,0.0
1379.0,75.0,444.0,17.269199999999998,0.0
1380.0,77.0,435.0,17.8164,0.0
1381.0,79.0,390.0,18.4644,0.0
1382.0,83.0,375.0,18.9252,0.0
1383.0,85.0,366.0,19.5048,0.0
1384.0,86.0,379.0,20.1816,0.0
1385.0,85.0,337.0,20.808,0.0
1386.0,84.0,360.0,21.3732,0.0
1387.0,86.0,369.0,22.0068,0.0
1388.0,87.0,329.0,22.518,0.0
1389.0,83.0,375.0,23.076,0.0
1390.0,85.0,343.0,23.526,0.0
1391.0,85.0,308.0,23.7636,0.0
1392.0,73.0,315.0,23.8284,0.0
1393.0,83.0,350.0,23.994,0.0
1394.0,88.0,339.0,24.0768,0.0
1395.0,87.0,332.0,23.9976,0.0
1396.0,86.0,334.0,23.724,0.0
1397.0,85.0,344.0,23.202,0.0
1398.0,82.0,368.0,22.3524,0.0
1399.0,81.0,373.0,21.132,0.0
1400.0,83.0,403.0,19.8576,0.0
1401.0,77.0,459.0,18.378000000000004,0.0
1402.0,75.0,496.0,17.6544,0.0
1403.0,73.0,474.0,17.1612,0.0
1404.0,70.0,484.0,16.729200000000002,0.0
1405.0,69.0,488.0,16.524,0.0
1406.0,75.0,483.0,16.6464,0.0
1407.0,76.0,468.0,16.7544,0.0
1408.0,76.0,463.0,17.056800000000003,0.0
1409.0,79.0,433.0,17.6256,0.0
1410.0,80.0,383.0,18.3888,0.0
1411.0,82.0,358.0,19.0944,0.0
1412.0,83.0,328.0,19.8864,0.0
1413.0,82.0,358.0,21.15,0.0
1414.0,85.0,302.0,22.374,0.0
1415.0,86.0,301.0,23.7312,0.0
1416.0,81.0,298.0,25.1928,0.0
1417.0,79.0,302.0,26.6004,0.0
1418.0,82.0,281.0,28.1124,0.0
1419.0,84.0,256.0,29.210400000000003,0.0
1420.0,79.0,292.0,30.33,0.0
1421.0,81.0,298.0,31.402800000000003,0.0
1422.0,83.0,316.0,32.5728,0.0
1423.0,82.0,268.0,33.386399999999995,0.0
1424.0,81.0,294.0,34.1244,0.0
1425.0,81.0,309.0,34.722,0.0
1426.0,83.0,283.0,35.1864,0.0
1427.0,83.0,239.0,35.4384,0.0
1428.0,79.0,277.0,35.6616,0.0
1429.0,79.0,267.0,36.0864,0.0
1430.0,80.0,273.0,36.432,0.0
1431.0,80.0,305.0,36.5688,0.0
1432.0,81.0,297.0,37.764,0.0
1433.0,82.0,310.0,38.0844,0.0
1434.0,86.0,400.0,37.3176,0.0
1435.0,86.0,415.0,36.2232,0.0
1436.0,84.0,398.0,34.8156,0.0
1437.0,84.0,425.0,33.4944,0.0
1438.0,85.0,381.0,32.1768,0.0
1439.0,86.0,396.0,30.9024,0.0
1440.0,94.0,358.0,29.6316,0.0
1441.0,99.0,426.0,28.6884,0.0
1442.0,95.0,413.0,27.8676,0.0
1443.0,93.0,419.0,27.1188,0.0
1444.0,90.0,421.0,26.352,0.0
1445.0,89.0,411.0,25.6932,0.0
1446.0,87.0,421.0,25.1172,0.0
1447.0,86.0,409.0,24.5736,0.0
1448.0,85.0,378.0,23.9148,0.0
1449.0,89.0,363.0,23.2524,0.0
1450.0,88.0,376.0,22.7628,0.0
1451.0,86.0,377.0,22.233600000000003,0.0
1452.0,85.0,402.0,21.87,0.0
1453.0,84.0,392.0,21.574800000000003,0.0
1454.0,84.0,421.0,21.4092,0.0
1455.0,84.0,429.0,21.3228,0.0
1456.0,83.0,415.0,21.2292,0.0
1457.0,83.0,419.0,21.0924,0.0
1458.0,83.0,414.0,20.9916,0.0
1459.0,82.0,414.0,20.8908,0.0
1460.0,87.0,364.0,20.6388,0.0
1461.0,90.0,349.0,20.1708,0.0
1462.0,87.0,388.0,19.8864,0.0
1463.0,87.0,411.0,19.836,0.0
1464.0,88.0,431.0,20.0124,0.0
1465.0,88.0,425.0,20.1636,0.0
1466.0,89.0,406.0,20.178,0.0
1467.0,89.0,405.0,20.2032,0.0
1468.0,90.0,423.0,20.304,0.0
1469.0,90.0,397.0,20.3976,0.0
1470.0,91.0,393.0,20.3868,0.0
1471.0,91.0,397.0,20.3868,0.0
1472.0,91.0,402.0,20.4264,0.0
1473.0,92.0,399.0,20.4552,0.0
1474.0,92.0,403.0,20.4804,0.0
1475.0,92.0,377.0,20.4444,0.0
1476.0,91.0,380.0,20.2644,0.0
1477.0,91.0,382.0,20.0484,0.0
1478.0,91.0,407.0,19.8936,0.0
1479.0,91.0,412.0,19.7928,0.0
1480.0,91.0,412.0,19.7136,0.0
1481.0,92.0,393.0,19.5408,0.0
1482.0,92.0,399.0,19.566,0.0
1483.0,93.0,363.0,19.8072,0.0
1484.0,88.0,394.0,20.3544,0.0
1485.0,88.0,437.0,21.5424,0.0
1486.0,91.0,437.0,22.752,0.0
1487.0,96.0,372.0,23.806800000000003,0.0
1488.0,90.0,314.0,24.2712,0.0
1489.0,90.0,287.0,24.7608,0.0
1490.0,91.0,272.0,25.1136,0.0
1491.0,76.0,364.0,25.6788,0.0
1492.0,78.0,381.0,26.524800000000003,0.0
1493.0,80.0,400.0,27.4644,0.0
1494.0,83.0,375.0,28.2384,0.0
1495.0,84.0,361.0,29.0304,0.0
1496.0,87.0,275.0,29.8764,0.0
1497.0,87.0,210.0,30.3192,0.0
1498.0,88.0,182.0,30.8772,0.0
1499.0,88.0,140.0,31.068000000000005,0.0
1500.0,88.0,148.0,31.2444,0.0
1501.0,88.0,183.0,31.4784,0.0
1502.0,90.0,316.0,32.1012,0.0
1503.0,91.0,305.0,32.821200000000005,0.0
1504.0,93.0,365.0,33.6024,0.0
1505.0,94.0,353.0,34.181999999999995,0.0
1506.0,95.0,385.0,34.5924,0.0
1507.0,95.0,373.0,34.693200000000004,0.0
1508.0,94.0,378.0,34.398,0.0
1509.0,110.0,322.0,33.408,0.0
1510.0,105.0,433.0,32.094,0.0
1511.0,102.0,467.0,30.6828,0.0
1512.0,95.0,453.0,28.9944,0.0
1513.0,96.0,400.0,27.1836,0.0
1514.0,93.0,421.0,25.5348,0.0
1515.0,92.0,395.0,24.0516,0.0
1516.0,94.0,425.0,22.6728,0.0
1517.0,89.0,449.0,21.6216,0.0
1518.0,87.0,431.0,20.7828,0.0
1519.0,86.0,471.0,20.3904,0.0
1520.0,85.0,462.0,19.9692,0.0
1521.0,84.0,455.0,19.5732,0.0
1522.0,83.0,440.0,19.152,0.0
1523.0,83.0,475.0,19.0404,0.0
1524.0,84.0,471.0,19.036800000000003,0.0
1525.0,84.0,477.0,19.0548,0.0
1526.0,85.0,463.0,19.0584,0.0
1527.0,85.0,441.0,18.9864,0.0
1528.0,84.0,422.0,18.8208,0.0
1529.0,84.0,415.0,18.6552,0.0
1530.0,83.0,385.0,18.4284,0.0
1531.0,83.0,393.0,18.252,0.0
1532.0,83.0,415.0,18.396,0.0
1533.0,84.0,409.0,18.5472,0.0
1534.0,84.0,371.0,18.4896,0.0
1535.0,85.0,354.0,18.63,0.0
1536.0,85.0,362.0,18.846,0.0
1537.0,86.0,346.0,19.35,0.0
1538.0,89.0,279.0,19.9584,0.0
1539.0,90.0,243.0,20.1996,0.0
1540.0,88.0,251.0,20.628000000000004,0.0
1541.0,85.0,237.0,21.3984,0.0
1542.0,84.0,240.0,21.9132,0.0
1543.0,81.0,222.0,22.734,0.0
1544.0,72.0,256.0,23.6844,0.0
1545.0,73.0,293.0,24.8292,0.0
1546.0,84.0,264.0,26.046000000000003,0.0
1547.0,96.0,195.0,26.6724,0.0
1548.0,82.0,336.0,27.3708,0.0
1549.0,83.0,347.0,28.008000000000003,0.0
1550.0,83.0,365.0,28.256400000000003,0.0
1551.0,90.0,330.0,27.8532,0.0
1552.0,94.0,354.0,26.4636,0.0
1553.0,90.0,354.0,24.7284,0.0
1554.0,81.0,511.0,22.9572,0.0
1555.0,78.0,566.0,21.8124,0.0
1556.0,77.0,558.0,20.7648,0.0
1557.0,78.0,579.0,19.7892,0.0
1558.0,76.0,554.0,18.8676,0.0
1559.0,78.0,552.0,17.9568,0.0
1560.0,77.0,568.0,17.294400000000003,0.0
1561.0,73.0,545.0,16.718400000000003,0.0
1562.0,72.0,555.0,16.290000000000003,0.0
1563.0,71.0,527.0,15.973200000000002,0.0
1564.0,70.0,544.0,15.732,0.0
1565.0,70.0,529.0,15.642,0.0
1566.0,69.0,499.0,15.3864,0.0
1567.0,69.0,523.0,15.4476,0.0
1568.0,69.0,487.0,15.6132,0.0
1569.0,70.0,483.0,15.580800000000002,0.0
1570.0,71.0,498.0,15.768,0.0
1571.0,71.0,478.0,16.056,0.0
1572.0,72.0,465.0,16.347600000000003,0.0
1573.0,75.0,437.0,16.704,0.0
1574.0,77.0,461.0,17.2044,0.0
1575.0,80.0,392.0,17.5896,0.0
1576.0,81.0,409.0,17.7408,0.0
1577.0,82.0,402.0,18.0792,0.0
1578.0,84.0,377.0,18.5616,0.0
1579.0,84.0,315.0,18.6156,0.0
1580.0,84.0,291.0,18.45,0.0
1581.0,84.0,289.0,18.4248,0.0
1582.0,83.0,235.0,18.342,0.0
1583.0,79.0,280.0,18.6156,0.0
1584.0,76.0,292.0,19.1628,0.0
1585.0,79.0,301.0,19.818,0.0
1586.0,82.0,251.0,20.4588,0.0
1587.0,79.0,284.0,20.9844,0.0
1588.0,79.0,280.0,21.7188,0.0
1589.0,80.0,223.0,22.2192,0.0
1590.0,73.0,226.0,22.662,0.0
1591.0,69.0,247.0,23.2164,0.0
1592.0,70.0,235.0,23.832,0.0
1593.0,71.0,190.0,24.3288,0.0
1594.0,74.0,245.0,25.1424,0.0
1595.0,75.0,213.0,25.8984,0.0
1596.0,76.0,211.0,26.4672,0.0
1597.0,78.0,231.0,27.0972,0.0
1598.0,79.0,209.0,27.7056,0.0
1599.0,80.0,203.0,28.2024,0.0
1600.0,81.0,183.0,28.5696,0.0
1601.0,78.0,218.0,29.0052,0.0
1602.0,74.0,266.0,29.754,0.0
1603.0,76.0,228.0,30.564,0.0
1604.0,77.0,181.0,31.176,0.0
1605.0,78.0,171.0,31.6404,0.0
1606.0,78.0,182.0,32.112,0.0
1607.0,79.0,222.0,32.8104,0.0
1608.0,81.0,227.0,33.757200000000005,0.0
1609.0,81.0,196.0,32.6556,0.0
1610.0,82.0,175.0,33.21,0.0
1611.0,83.0,188.0,33.8292,0.0
1612.0,80.0,220.0,34.72560000000001,0.0
1613.0,80.0,223.0,35.7732,0.0
1614.0,81.0,233.0,37.0404,0.0
1615.0,83.0,208.0,38.4084,0.0
1616.0,80.0,174.0,40.0284,0.0
1617.0,80.0,172.0,42.0804,0.0
1618.0,81.0,133.0,44.8632,0.0
1619.0,81.0,164.0,48.5676,0.0
1620.0,79.0,183.0,53.1288,0.0
1621.0,82.0,26.0,57.1644,0.0
1622.0,82.0,26.0,60.1452,0.0
1623.0,82.0,26.0,61.92,0.0
1624.0,75.0,26.0,62.5716,0.0
1625.0,0.0,0.0,63.054,0.0
1626.0,0.0,0.0,63.2304,0.0
1627.0,0.0,0.0,63.2268,0.0
1628.0,0.0,0.0,63.09720000000001,0.0
1629.0,0.0,0.0,62.8848,0.0
1630.0,0.0,0.0,62.5788,0.0
1631.0,0.0,0.0,62.26200000000001,0.0
1632.0,0.0,0.0,61.9812,0.0
1633.0,0.0,0.0,61.7508,0.0
1634.0,0.0,0.0,61.56000000000001,0.0
1635.0,0.0,0.0,61.3548,0.0
1636.0,0.0,0.0,59.6448,0.0
1637.0,0.0,0.0,59.1048,0.0
1638.0,0.0,0.0,58.2444,0.0
1639.0,0.0,0.0,56.4696,0.0
1640.0,88.0,277.0,54.8712,0.0
1641.0,71.0,301.0,53.74080000000001,0.0
1642.0,72.0,303.0,52.704,0.0
1643.0,73.0,270.0,51.6348,0.0
1644.0,73.0,228.0,50.6988,0.0
1645.0,74.0,217.0,49.86,0.0
1646.0,74.0,229.0,49.2372,0.0
1647.0,76.0,246.0,49.125600000000006,0.0
1648.0,77.0,241.0,49.4748,0.0
1649.0,78.0,243.0,50.4144,0.0
1650.0,77.0,236.0,52.2504,0.0
1651.0,74.0,279.0,54.9144,0.0
1652.0,77.0,271.0,58.305600000000005,0.0
1653.0,83.0,214.0,62.2332,0.0
1654.0,83.0,214.0,66.1176,0.0
1655.0,83.0,214.0,69.6528,0.0
1656.0,0.0,0.0,71.8308,0.0
1657.0,0.0,0.0,72.6372,0.0
1658.0,0.0,0.0,72.89280000000001,0.0
1659.0,0.0,0.0,73.5804,0.0
1660.0,0.0,0.0,76.248,0.0
1661.0,0.0,0.0,78.0048,0.0
1662.0,0.0,0.0,78.7464,0.0
1663.0,0.0,0.0,79.2396,0.0
1664.0,0.0,0.0,79.992,0.0
1665.0,0.0,0.0,81.774,0.0
1666.0,0.0,0.0,83.7864,0.0
1667.0,0.0,0.0,84.7548,0.0
1668.0,0.0,0.0,83.44080000000001,0.0
1669.0,0.0,0.0,79.9092,0.0
1670.0,0.0,0.0,76.22279999999999,0.0
1671.0,87.0,258.0,72.9684,0.0
1672.0,79.0,274.0,70.3116,0.0
1673.0,77.0,301.0,67.62960000000001,0.0
1674.0,76.0,300.0,65.11680000000001,0.0
1675.0,76.0,305.0,63.262800000000006,0.0
1676.0,76.0,255.0,62.2008,0.0
1677.0,77.0,110.0,62.9388,0.0
1678.0,77.0,110.0,65.01599999999999,0.0
1679.0,77.0,110.0,66.906,0.0
1680.0,0.0,0.0,67.7988,0.0
1681.0,0.0,0.0,67.9392,0.0
1682.0,0.0,0.0,67.5684,0.0
1683.0,0.0,0.0,67.4568,0.0
1684.0,0.0,0.0,67.5036,0.0
1685.0,0.0,0.0,67.8528,0.0
1686.0,0.0,0.0,68.8356,0.0
1687.0,0.0,0.0,71.13600000000001,0.0
1688.0,0.0,0.0,74.2428,0.0
1689.0,0.0,0.0,76.302,0.0
1690.0,0.0,0.0,76.5972,0.0
1691.0,0.0,0.0,75.19680000000001,0.0
1692.0,0.0,0.0,71.946,0.0
1693.0,0.0,0.0,69.246,0.0
1694.0,0.0,0.0,65.9988,0.0
1695.0,0.0,0.0,63.31680000000001,0.0
1696.0,0.0,0.0,61.9308,0.0
1697.0,0.0,0.0,61.4592,0.0
1698.0,0.0,0.0,61.2936,0.0
1699.0,0.0,0.0,61.5456,0.0
1700.0,0.0,0.0,62.1432,0.0
1701.0,0.0,0.0,62.8524,0.0
1702.0,0.0,0.0,63.468,0.0
1703.0,0.0,0.0,64.05120000000001,0.0
1704.0,0.0,0.0,64.6092,0.0
1705.0,0.0,0.0,65.2392,0.0
1706.0,0.0,0.0,66.0132,0.0
1707.0,0.0,0.0,66.9096,0.0
1708.0,0.0,0.0,67.84920000000001,0.0
1709.0,0.0,0.0,68.8284,0.0
1710.0,0.0,0.0,69.2784,0.0
1711.0,0.0,0.0,69.3792,0.0
1712.0,0.0,0.0,69.51599999999999,0.0
1713.0,0.0,0.0,69.5916,0.0
1714.0,0.0,0.0,69.3108,0.0
1715.0,0.0,0.0,67.014,0.0
1716.0,0.0,0.0,64.44,0.0
1717.0,0.0,0.0,60.912000000000006,0.0
1718.0,66.0,266.0,57.744,0.0
1719.0,65.0,246.0,54.882,0.0
1720.0,65.0,194.0,53.7912,0.0
1721.0,66.0,159.0,53.7516,0.0
1722.0,67.0,154.0,53.4816,0.0
1723.0,68.0,223.0,52.7868,0.0
1724.0,69.0,279.0,52.034400000000005,0.0
1725.0,71.0,323.0,51.4188,0.0
1726.0,74.0,341.0,50.8536,0.0
1727.0,75.0,332.0,50.3208,0.0
1728.0,76.0,340.0,49.784400000000005,0.0
1729.0,78.0,314.0,49.2516,0.0
1730.0,79.0,303.0,48.6612,0.0
1731.0,80.0,293.0,48.088800000000006,0.0
1732.0,80.0,310.0,47.5236,0.0
1733.0,81.0,356.0,47.034,0.0
1734.0,82.0,336.0,46.4292,0.0
1735.0,82.0,330.0,45.8496,0.0
1736.0,82.0,321.0,45.486,0.0
1737.0,82.0,319.0,45.2088,0.0
1738.0,83.0,338.0,44.7696,0.0
1739.0,83.0,349.0,44.2548,0.0
1740.0,83.0,335.0,43.8984,0.0
1741.0,83.0,323.0,43.6356,0.0
1742.0,83.0,337.0,43.3584,0.0
1743.0,84.0,330.0,43.0884,0.0
1744.0,84.0,325.0,42.9228,0.0
1745.0,84.0,314.0,42.8616,0.0
1746.0,85.0,335.0,42.8976,0.0
1747.0,85.0,332.0,43.0668,0.0
1748.0,86.0,315.0,43.3224,0.0
1749.0,87.0,303.0,43.614,0.0
1750.0,82.0,322.0,43.94520000000001,0.0
1751.0,82.0,296.0,44.28,0.0
1752.0,82.0,235.0,44.4024,0.0
1753.0,82.0,274.0,44.7264,0.0
1754.0,83.0,333.0,45.122400000000006,0.0
1755.0,83.0,279.0,45.5076,0.0
1756.0,84.0,327.0,45.9972,0.0
1757.0,83.0,282.0,46.4328,0.0
1758.0,84.0,285.0,46.7748,0.0
1759.0,84.0,313.0,47.1384,0.0
1760.0,84.0,243.0,47.448,0.0
1761.0,83.0,256.0,47.5632,0.0
1762.0,83.0,271.0,47.6676,0.0
1763.0,83.0,304.0,47.7108,0.0
1764.0,83.0,339.0,47.592000000000006,0.0
1765.0,82.0,333.0,46.9512,0.0
1766.0,80.0,320.0,45.2448,0.0
1767.0,79.0,300.0,42.8976,0.0
1768.0,77.0,311.0,41.5728,0.0
1769.0,76.0,303.0,40.536,0.0
1770.0,80.0,369.0,39.6288,0.0
1771.0,80.0,365.0,39.2112,0.0
1772.0,80.0,348.0,38.88,0.0
1773.0,80.0,332.0,38.5848,0.0
1774.0,80.0,325.0,38.304,0.0
1775.0,80.0,330.0,38.088,0.0
1776.0,81.0,338.0,37.99080000000001,0.0
1777.0,82.0,380.0,37.9548,0.0
1778.0,82.0,370.0,38.0808,0.0
1779.0,83.0,336.0,38.2032,0.0
1780.0,83.0,337.0,38.2896,0.0
1781.0,83.0,328.0,38.3688,0.0
1782.0,83.0,358.0,38.4876,0.0
1783.0,83.0,299.0,38.613600000000005,0.0
1784.0,83.0,303.0,38.646,0.0
1785.0,85.0,340.0,39.0672,0.0
1786.0,85.0,310.0,39.610800000000005,0.0
1787.0,86.0,235.0,40.1724,0.0
1788.0,83.0,238.0,40.7376,0.0
1789.0,81.0,221.0,41.3208,0.0
1790.0,82.0,273.0,41.8356,0.0
1791.0,83.0,273.0,42.1632,0.0
1792.0,82.0,326.0,41.8932,0.0
1793.0,81.0,326.0,41.04,0.0
1794.0,80.0,411.0,40.7016,0.0
1795.0,81.0,378.0,40.986,0.0
1796.0,81.0,371.0,41.3424,0.0
1797.0,82.0,344.0,41.580000000000005,0.0
1798.0,83.0,338.0,41.857200000000006,0.0
1799.0,83.0,307.0,42.03,0.0
1800.0,83.0,277.0,42.0228,0.0
1801.0,82.0,263.0,41.868,0.0
1802.0,81.0,208.0,41.4828,0.0
1803.0,80.0,282.0,40.9104,0.0
1804.0,80.0,338.0,40.6476,0.0
1805.0,80.0,340.0,40.7268,0.0
1806.0,80.0,294.0,41.2272,0.0
1807.0,80.0,270.0,41.1264,0.0
1808.0,82.0,267.0,40.59,0.0
1809.0,83.0,278.0,40.0032,0.0
1810.0,82.0,283.0,38.772,0.0
1811.0,78.0,467.0,38.073600000000006,0.0
1812.0,76.0,409.0,37.9692,0.0
1813.0,76.0,342.0,37.692,0.0
1814.0,75.0,319.0,37.3824,0.0
1815.0,76.0,305.0,37.3716,0.0
1816.0,76.0,285.0,37.5624,0.0
1817.0,77.0,248.0,37.8036,0.0
1818.0,78.0,227.0,38.0592,0.0
1819.0,78.0,218.0,38.3508,0.0
1820.0,78.0,198.0,38.6172,0.0
1821.0,78.0,151.0,38.8224,0.0
1822.0,78.0,172.0,38.9268,0.0
1823.0,78.0,156.0,38.9448,0.0
1824.0,78.0,202.0,38.9268,0.0
1825.0,74.0,260.0,39.3984,0.0
1826.0,74.0,341.0,40.7088,0.0
1827.0,76.0,374.0,42.9048,0.0
1828.0,75.0,291.0,45.6912,0.0
1829.0,77.0,275.0,48.4668,0.0
1830.0,75.0,516.0,51.1524,0.0
1831.0,79.0,762.0,53.694,0.0
1832.0,83.0,876.0,55.926,0.0
1833.0,85.0,852.0,58.64040000000001,0.0
1834.0,84.0,844.0,60.8796,0.0
1835.0,85.0,836.0,63.064800000000005,0.0
1836.0,87.0,799.0,65.4876,0.0
1837.0,88.0,794.0,68.058,0.0
1838.0,90.0,831.0,68.9652,0.0
1839.0,91.0,796.0,68.9076,0.0
1840.0,90.0,798.0,68.3964,0.0
1841.0,90.0,809.0,67.69800000000001,0.0
1842.0,89.0,825.0,66.86640000000001,0.0
1843.0,87.0,779.0,65.76480000000001,0.0
1844.0,87.0,779.0,63.8352,0.0
1845.0,88.0,739.0,61.8948,0.0
1846.0,90.0,802.0,60.0876,0.0
1847.0,89.0,720.0,58.5216,0.0
1848.0,86.0,679.0,57.0276,0.0
1849.0,86.0,674.0,55.8648,0.0
1850.0,84.0,633.0,54.198,0.0
1851.0,87.0,709.0,51.822,0.0
1852.0,83.0,643.0,49.5972,0.0
1853.0,80.0,637.0,47.25,0.0
1854.0,77.0,629.0,44.9964,0.0
1855.0,75.0,599.0,43.1388,0.0
1856.0,71.0,489.0,41.7528,0.0
1857.0,68.0,324.0,40.46040000000001,0.0
1858.0,65.0,142.0,38.8512,0.0
1859.0,63.0,83.0,36.802800000000005,0.0
1860.0,64.0,47.0,34.5492,0.0
1861.0,63.0,5.0,32.0724,0.0
1862.0,63.0,5.0,27.4752,0.0
1863.0,63.0,5.0,23.029200000000003,0.0
1864.0,0.0,0.0,19.1196,0.0
1865.0,0.0,0.0,15.264,0.0
1866.0,0.0,0.0,11.574,0.0
1867.0,0.0,0.0,7.9992,0.0
1868.0,0.0,0.0,4.392,0.0
1869.0,0.0,0.0,1.2708,0.0
1870.0,0.0,0.0,0.0,0.0
1871.0,0.0,0.0,0.0,0.0
1872.0,0.0,0.0,0.0,0.0
1878.0,28.0,24.0,0.0504,0.0
1879.0,28.0,24.0,0.9936,0.0
1880.0,28.0,24.0,1.7208,0.0
1881.0,0.0,0.0,1.4328,0.0
1882.0,0.0,0.0,0.0,0.0
1883.0,0.0,0.0,0.0,0.0
1884.0,0.0,0.0,0.0,0.0
1885.0,0.0,0.0,0.0,0.0
1896.0,31.0,29.0,0.0612,0.0
1897.0,31.0,29.0,1.2060000000000002,0.0
1898.0,31.0,29.0,2.0628,0.0
1899.0,26.0,27.0,2.682,0.0
1900.0,26.0,27.0,3.1392,0.0
1901.0,26.0,20.0,3.3948,0.0
1902.0,26.0,20.0,3.4668,0.0
1903.0,27.0,21.0,3.5532,0.0
1904.0,27.0,21.0,3.6504,0.0
1905.0,29.0,25.0,3.7908,0.0
1906.0,29.0,25.0,4.0068,0.0
1907.0,27.0,21.0,4.1544,0.0
1908.0,27.0,21.0,4.1652000000000005,0.0
1909.0,27.0,21.0,4.1832,0.0
1910.0,26.0,29.0,4.4388000000000005,0.0
1911.0,26.0,29.0,4.6836,0.0
1912.0,26.0,29.0,4.888800000000001,0.0
1913.0,26.0,29.0,5.0724,0.0
1914.0,26.0,30.0,5.2344,0.0
1915.0,26.0,30.0,5.4108,0.0
1916.0,26.0,30.0,5.562,0.0
1917.0,26.0,33.0,5.7816,0.0
1918.0,26.0,33.0,5.986800000000001,0.0
1919.0,26.0,34.0,6.1848,0.0
1920.0,26.0,34.0,6.3756,0.0
1921.0,27.0,28.0,6.4584,0.0
1922.0,27.0,28.0,6.498,0.0
1923.0,28.0,32.0,6.5916,0.0
1924.0,28.0,32.0,6.7284,0.0
1925.0,29.0,36.0,6.9048,0.0
1926.0,29.0,36.0,7.128,0.0
1927.0,31.0,35.0,7.3044,0.0
1928.0,31.0,35.0,7.4772,0.0
1929.0,33.0,49.0,7.812,0.0
1930.0,33.0,49.0,8.2188,0.0
1931.0,35.0,43.0,8.503200000000001,0.0
1932.0,36.0,29.0,8.6364,0.0
1933.0,36.0,29.0,8.64,0.0
1934.0,36.0,33.0,8.712,0.0
1935.0,37.0,44.0,8.852400000000001,0.0
1936.0,37.0,44.0,9.1296,0.0
1937.0,39.0,43.0,9.378,0.0
1938.0,40.0,39.0,9.6012,0.0
1939.0,40.0,39.0,9.7704,0.0
1940.0,40.0,35.0,9.8892,0.0
1941.0,40.0,35.0,9.9936,0.0
1942.0,40.0,35.0,10.1016,0.0
1943.0,0.0,0.0,7.6932,0.0
1944.0,0.0,0.0,4.7916,0.0
1945.0,32.0,55.0,5.3748000000000005,0.0
1946.0,32.0,55.0,6.4656,0.0
1947.0,35.0,47.0,7.182,0.0
1948.0,38.0,49.0,7.8192,0.0
1949.0,41.0,47.0,8.413200000000002,0.0
1950.0,41.0,47.0,8.935200000000002,0.0
1951.0,43.0,52.0,9.4464,0.0
1952.0,45.0,51.0,9.954,0.0
1953.0,45.0,51.0,10.4004,0.0
1954.0,47.0,60.0,10.9836,0.0
1955.0,49.0,63.0,11.5236,0.0
1956.0,51.0,52.0,11.9808,0.0
1957.0,53.0,63.0,12.4164,0.0
1958.0,54.0,49.0,12.816,0.0
1959.0,55.0,51.0,13.1112,0.0
1960.0,56.0,42.0,13.3848,0.0
1961.0,57.0,47.0,13.6008,0.0
1962.0,57.0,51.0,13.8384,0.0
1963.0,58.0,48.0,14.1012,0.0
1964.0,59.0,56.0,14.3388,0.0
1965.0,60.0,61.0,14.662800000000002,0.0
1966.0,61.0,47.0,14.9904,0.0
1967.0,61.0,47.0,15.174,0.0
1968.0,62.0,64.0,15.4152,0.0
1969.0,63.0,41.0,15.678000000000004,0.0
1970.0,63.0,55.0,15.8184,0.0
1971.0,64.0,47.0,16.0092,0.0
1972.0,64.0,41.0,16.1028,0.0
1973.0,64.0,38.0,16.1496,0.0
1974.0,64.0,38.0,16.1748,0.0
1975.0,64.0,36.0,16.182000000000002,0.0
1976.0,64.0,37.0,16.1856,0.0
1977.0,63.0,33.0,16.1604,0.0
1978.0,63.0,37.0,16.1172,0.0
1979.0,62.0,34.0,16.092,0.0
1980.0,62.0,34.0,16.030800000000003,0.0
1981.0,62.0,36.0,15.9876,0.0
1982.0,61.0,36.0,15.9192,0.0
1983.0,61.0,49.0,15.8544,0.0
1984.0,62.0,103.0,15.9876,0.0
1985.0,64.0,112.0,16.596,0.0
1986.0,65.0,77.0,16.988400000000002,0.0
1987.0,66.0,67.0,17.157600000000002,0.0
1988.0,67.0,61.0,17.2512,0.0
1989.0,67.0,53.0,17.262,0.0
1990.0,67.0,54.0,17.258399999999998,0.0
1991.0,66.0,42.0,17.1648,0.0
1992.0,66.0,51.0,17.1036,0.0
1993.0,65.0,52.0,17.1,0.0
1994.0,65.0,43.0,17.056800000000003,0.0
1995.0,65.0,52.0,16.9956,0.0
1996.0,64.0,48.0,16.9416,0.0
1997.0,64.0,46.0,16.8444,0.0
1998.0,63.0,40.0,16.689600000000002,0.0
1999.0,62.0,39.0,16.498800000000003,0.0
2000.0,62.0,47.0,16.344,0.0
2001.0,62.0,60.0,16.2972,0.0
2002.0,61.0,48.0,16.1568,0.0
2003.0,60.0,21.0,15.7968,0.0
2004.0,60.0,21.0,15.3756,0.0
2005.0,60.0,21.0,14.9076,0.0
2006.0,0.0,0.0,12.348,0.0
2007.0,53.0,78.0,12.51,0.0
2008.0,53.0,76.0,12.7044,0.0
2009.0,53.0,76.0,12.7728,0.0
2010.0,53.0,70.0,12.6612,0.0
2011.0,52.0,67.0,12.3588,0.0
2012.0,51.0,64.0,11.8836,0.0
2013.0,48.0,80.0,11.3292,0.0
2014.0,48.0,80.0,10.926,0.0
2015.0,47.0,103.0,10.9224,0.0
2016.0,45.0,56.0,10.53,0.0
2017.0,43.0,60.0,10.1412,0.0
2018.0,43.0,60.0,9.9288,0.0
2019.0,41.0,51.0,9.7056,0.0
2020.0,39.0,56.0,9.5508,0.0
2021.0,39.0,56.0,9.5328,0.0
2022.0,41.0,96.0,10.0476,0.0
2023.0,44.0,97.0,10.6272,0.0
2024.0,46.0,78.0,11.07,0.0
2025.0,47.0,90.0,11.3112,0.0
2026.0,47.0,90.0,11.692800000000002,0.0
2027.0,49.0,91.0,12.0168,0.0
2028.0,49.0,55.0,12.096,0.0
2029.0,49.0,54.0,11.9484,0.0
2030.0,48.0,65.0,11.8188,0.0
2031.0,48.0,65.0,11.826,0.0
2032.0,48.0,62.0,11.8116,0.0
2033.0,48.0,65.0,11.8152,0.0
2034.0,49.0,91.0,11.9376,0.0
2035.0,50.0,93.0,12.2832,0.0
2036.0,51.0,72.0,12.6072,0.0
2037.0,51.0,72.0,12.6612,0.0
2038.0,51.0,69.0,12.6828,0.0
2039.0,51.0,62.0,12.6288,0.0
2040.0,51.0,57.0,12.528,0.0
2041.0,50.0,60.0,12.4416,0.0
2042.0,50.0,54.0,12.3588,0.0
2043.0,49.0,58.0,12.2328,0.0
2044.0,49.0,58.0,12.1788,0.0
2045.0,49.0,63.0,12.1824,0.0
2046.0,49.0,62.0,12.2004,0.0
2047.0,49.0,63.0,12.24,0.0
2048.0,49.0,69.0,12.3156,0.0
2049.0,50.0,73.0,12.438,0.0
2050.0,50.0,73.0,12.5964,0.0
2051.0,50.0,59.0,12.5856,0.0
2052.0,50.0,53.0,12.5172,0.0
2053.0,50.0,58.0,12.4632,0.0
2054.0,50.0,57.0,12.4488,0.0
2055.0,50.0,55.0,12.4416,0.0
2056.0,50.0,55.0,12.4308,0.0
2057.0,49.0,54.0,12.4236,0.0
2058.0,49.0,50.0,12.3984,0.0
2059.0,49.0,55.0,12.420000000000002,0.0
2060.0,50.0,50.0,12.4776,0.0
2061.0,50.0,50.0,12.5424,0.0
2062.0,50.0,50.0,12.639600000000002,0.0
2063.0,50.0,51.0,12.7908,0.0
2064.0,51.0,49.0,12.9672,0.0
2065.0,52.0,62.0,13.3272,0.0
2066.0,53.0,50.0,13.7376,0.0
2067.0,55.0,46.0,14.1912,0.0
2068.0,56.0,45.0,14.7312,0.0
2069.0,58.0,41.0,15.390000000000002,0.0
2070.0,59.0,45.0,16.1208,0.0
2071.0,61.0,49.0,16.8228,0.0
2072.0,62.0,51.0,17.4924,0.0
2073.0,64.0,56.0,18.0756,0.0
2074.0,65.0,45.0,18.6372,0.0
2075.0,65.0,45.0,19.256400000000003,0.0
2076.0,65.0,45.0,19.9404,0.0
2077.0,76.0,68.0,19.8144,0.0
2078.0,67.0,55.0,20.6748,0.0
2079.0,65.0,97.0,21.5964,0.0
2080.0,67.0,129.0,22.7196,0.0
2081.0,67.0,86.0,23.6376,0.0
2082.0,60.0,111.0,24.5592,0.0
2083.0,61.0,107.0,25.2864,0.0
2084.0,63.0,99.0,25.8408,0.0
2085.0,64.0,98.0,26.172,0.0
2086.0,66.0,114.0,26.3664,0.0
2087.0,67.0,108.0,26.352,0.0
2088.0,67.0,103.0,26.136,0.0
2089.0,66.0,99.0,25.7724,0.0
2090.0,65.0,122.0,25.434,0.0
2091.0,65.0,123.0,25.1028,0.0
2092.0,64.0,113.0,24.6924,0.0
2093.0,63.0,104.0,24.2064,0.0
2094.0,63.0,118.0,23.7924,0.0
2095.0,62.0,125.0,23.4252,0.0
2096.0,61.0,128.0,23.097600000000003,0.0
2097.0,60.0,135.0,22.7952,0.0
2098.0,60.0,140.0,22.5936,0.0
2099.0,60.0,140.0,22.4784,0.0
2100.0,60.0,121.0,22.284,0.0
2101.0,60.0,121.0,22.0464,0.0
2102.0,59.0,127.0,21.8448,0.0
2103.0,59.0,128.0,21.6468,0.0
2104.0,58.0,124.0,21.4164,0.0
2105.0,58.0,136.0,21.24,0.0
2106.0,58.0,134.0,21.042,0.0
2107.0,57.0,131.0,20.826,0.0
2108.0,57.0,131.0,20.5668,0.0
2109.0,56.0,119.0,20.178,0.0
2110.0,55.0,147.0,19.832400000000003,0.0
2111.0,55.0,182.0,19.8108,0.0
2112.0,55.0,113.0,19.6776,0.0
2113.0,54.0,91.0,19.458,0.0
2114.0,53.0,90.0,19.2744,0.0
2115.0,53.0,77.0,19.1016,0.0
2116.0,53.0,83.0,18.9144,0.0
2117.0,53.0,83.0,18.81,0.0
2118.0,52.0,78.0,18.6984,0.0
2119.0,52.0,82.0,18.6336,0.0
2120.0,52.0,85.0,18.6084,0.0
2121.0,52.0,84.0,18.597600000000003,0.0
2122.0,52.0,80.0,18.5868,0.0
2123.0,52.0,77.0,18.5544,0.0
2124.0,52.0,82.0,18.5256,0.0
2125.0,52.0,82.0,18.5472,0.0
2126.0,52.0,83.0,18.594,0.0
2127.0,52.0,82.0,18.6552,0.0
2128.0,53.0,78.0,18.7092,0.0
2129.0,53.0,74.0,18.7416,0.0
2130.0,53.0,69.0,18.7524,0.0
2131.0,53.0,67.0,18.7452,0.0
2132.0,53.0,66.0,18.7272,0.0
2133.0,53.0,67.0,18.7164,0.0
2134.0,53.0,76.0,18.7272,0.0
2135.0,53.0,76.0,18.7956,0.0
2136.0,53.0,70.0,18.8064,0.0
2137.0,53.0,76.0,18.8496,0.0
2138.0,53.0,76.0,18.885600000000004,0.0
2139.0,54.0,77.0,18.9288,0.0
2140.0,54.0,76.0,18.9648,0.0
2141.0,54.0,62.0,18.9432,0.0
2142.0,53.0,64.0,18.8784,0.0
2143.0,53.0,69.0,18.8352,0.0
2144.0,53.0,66.0,18.8244,0.0
2145.0,53.0,79.0,18.799200000000003,0.0
2146.0,53.0,79.0,18.8604,0.0
2147.0,54.0,73.0,18.8712,0.0
2148.0,54.0,80.0,18.9288,0.0
2149.0,54.0,67.0,18.9252,0.0
2150.0,54.0,73.0,18.9576,0.0
2151.0,54.0,74.0,19.0404,0.0
2152.0,54.0,76.0,19.1628,0.0
2153.0,55.0,85.0,19.368,0.0
2154.0,56.0,75.0,19.6092,0.0
2155.0,56.0,78.0,19.8216,0.0
2156.0,57.0,68.0,20.0556,0.0
2157.0,57.0,68.0,20.2464,0.0
2158.0,57.0,68.0,20.4516,0.0
2159.0,58.0,56.0,20.6064,0.0
2160.0,58.0,52.0,20.7828,0.0
2161.0,58.0,48.0,20.988,0.0
2162.0,58.0,47.0,21.1896,0.0
2163.0,58.0,53.0,21.348,0.0
2164.0,59.0,56.0,21.4848,0.0
2165.0,59.0,62.0,21.517200000000003,0.0
2166.0,58.0,62.0,21.456,0.0
2167.0,58.0,64.0,21.3336,0.0
2168.0,59.0,138.0,21.4308,0.0
2169.0,60.0,123.0,21.834000000000003,0.0
2170.0,61.0,126.0,22.2084,0.0
2171.0,62.0,105.0,22.5396,0.0
2172.0,62.0,92.0,22.7232,0.0
2173.0,63.0,95.0,22.8708,0.0
2174.0,63.0,80.0,23.000400000000003,0.0
2175.0,64.0,92.0,23.0904,0.0
2176.0,64.0,77.0,23.1768,0.0
2177.0,64.0,76.0,23.1588,0.0
2178.0,64.0,78.0,23.1408,0.0
2179.0,64.0,86.0,23.1588,0.0
2180.0,64.0,83.0,23.1768,0.0
2181.0,64.0,83.0,23.1948,0.0
2182.0,64.0,90.0,23.256,0.0
2183.0,65.0,108.0,23.4108,0.0
2184.0,65.0,108.0,23.6124,0.0
2185.0,65.0,81.0,23.6772,0.0
2186.0,66.0,92.0,23.724,0.0
2187.0,66.0,80.0,23.8176,0.0
2188.0,66.0,99.0,23.9364,0.0
2189.0,67.0,105.0,24.1812,0.0
2190.0,67.0,99.0,24.4296,0.0
2191.0,67.0,74.0,24.57,0.0
2192.0,67.0,70.0,24.732,0.0
2193.0,68.0,67.0,24.966,0.0
2194.0,68.0,67.0,25.250400000000003,0.0
2195.0,68.0,70.0,25.632,0.0
2196.0,69.0,77.0,26.118,0.0
2197.0,69.0,76.0,26.6688,0.0
2198.0,70.0,73.0,27.234,0.0
2199.0,71.0,83.0,27.864,0.0
2200.0,72.0,85.0,28.4796,0.0
2201.0,73.0,79.0,29.048400000000004,0.0
2202.0,73.0,79.0,29.5344,0.0
2203.0,74.0,86.0,29.926800000000004,0.0
2204.0,74.0,99.0,30.294,0.0
2205.0,75.0,111.0,30.6252,0.0
2206.0,76.0,118.0,30.895200000000003,0.0
2207.0,76.0,90.0,31.021200000000004,0.0
2208.0,76.0,81.0,31.0356,0.0
2209.0,76.0,70.0,30.978,0.0
2210.0,76.0,70.0,30.9168,0.0
2211.0,75.0,91.0,30.963600000000003,0.0
2212.0,75.0,71.0,31.032,0.0
2213.0,75.0,57.0,31.05,0.0
2214.0,75.0,71.0,31.1868,0.0
2215.0,75.0,69.0,31.438800000000004,0.0
2216.0,76.0,81.0,31.8672,0.0
2217.0,76.0,78.0,32.4792,0.0
2218.0,78.0,70.0,33.246,0.0
2219.0,78.0,67.0,34.1064,0.0
2220.0,80.0,50.0,34.970400000000005,0.0
2221.0,81.0,71.0,35.8992,0.0
2222.0,81.0,71.0,36.9108,0.0
2223.0,82.0,56.0,37.836,0.0
2224.0,84.0,55.0,38.6604,0.0
2225.0,84.0,56.0,39.3012,0.0
2226.0,84.0,68.0,39.5892,0.0
2227.0,84.0,83.0,39.5172,0.0
2228.0,83.0,71.0,39.1464,0.0
2229.0,83.0,59.0,38.9088,0.0
2230.0,83.0,47.0,39.42,0.0
2231.0,83.0,20.0,40.5972,0.0
2232.0,83.0,20.0,41.69520000000001,0.0
2233.0,83.0,20.0,42.2748,0.0
2234.0,85.0,73.0,42.6744,0.0
2235.0,76.0,117.0,43.012800000000006,0.0
2236.0,77.0,113.0,43.14960000000001,0.0
2237.0,77.0,106.0,42.9588,0.0
2238.0,77.0,91.0,42.5772,0.0
2239.0,76.0,82.0,42.1092,0.0
2240.0,76.0,78.0,41.5836,0.0
2241.0,75.0,95.0,41.13,0.0
2242.0,75.0,111.0,40.752,0.0
2243.0,75.0,105.0,40.2552,0.0
2244.0,74.0,110.0,39.51,0.0
2245.0,82.0,81.0,38.8656,0.0
2246.0,74.0,106.0,38.5848,0.0
2247.0,73.0,91.0,38.6352,0.0
2248.0,73.0,88.0,38.916,0.0
2249.0,74.0,84.0,39.384,0.0
2250.0,75.0,67.0,39.906000000000006,0.0
2251.0,75.0,61.0,40.3488,0.0
2252.0,75.0,55.0,40.7592,0.0
2253.0,72.0,112.0,41.22,0.0
2254.0,73.0,114.0,41.6736,0.0
2255.0,73.0,131.0,41.997600000000006,0.0
2256.0,74.0,121.0,42.192,0.0
2257.0,74.0,91.0,42.1164,0.0
2258.0,74.0,118.0,41.7564,0.0
2259.0,74.0,127.0,41.2776,0.0
2260.0,73.0,121.0,40.6116,0.0
2261.0,72.0,131.0,39.8088,0.0
2262.0,71.0,92.0,38.9628,0.0
2263.0,71.0,87.0,37.9404,0.0
2264.0,75.0,87.0,36.8568,0.0
2265.0,79.0,102.0,35.8884,0.0
2266.0,77.0,128.0,34.956,0.0
2267.0,76.0,136.0,34.1568,0.0
2268.0,75.0,141.0,33.4116,0.0
2269.0,73.0,153.0,32.7492,0.0
2270.0,73.0,144.0,32.2056,0.0
2271.0,72.0,136.0,31.6872,0.0
2272.0,72.0,118.0,31.219200000000004,0.0
2273.0,72.0,126.0,30.8592,0.0
2274.0,72.0,124.0,30.582,0.0
2275.0,72.0,117.0,30.3444,0.0
2276.0,71.0,92.0,30.0852,0.0
2277.0,71.0,102.0,29.8764,0.0
2278.0,71.0,104.0,29.7432,0.0
2279.0,72.0,98.0,29.7468,0.0
2280.0,72.0,96.0,29.5992,0.0
2281.0,72.0,99.0,29.4264,0.0
2282.0,72.0,97.0,29.3184,0.0
2283.0,72.0,94.0,29.268000000000004,0.0
2284.0,73.0,91.0,29.257200000000005,0.0
2285.0,72.0,80.0,29.152800000000003,0.0
2286.0,72.0,81.0,28.926,0.0
2287.0,72.0,77.0,28.5516,0.0
2288.0,71.0,73.0,27.9504,0.0
2289.0,69.0,111.0,27.309600000000003,0.0
2290.0,67.0,105.0,26.64,0.0
2291.0,66.0,124.0,25.9416,0.0
2292.0,65.0,130.0,25.3368,0.0
2293.0,63.0,123.0,24.7896,0.0
2294.0,62.0,118.0,24.3252,0.0
2295.0,62.0,122.0,24.015600000000003,0.0
2296.0,61.0,122.0,23.9328,0.0
2297.0,62.0,121.0,24.0048,0.0
2298.0,62.0,117.0,24.174,0.0
2299.0,64.0,98.0,24.3468,0.0
2300.0,64.0,95.0,24.5304,0.0
2301.0,65.0,91.0,24.7284,0.0
2302.0,65.0,88.0,24.912,0.0
2303.0,66.0,96.0,25.070400000000003,0.0
2304.0,66.0,87.0,25.1928,0.0
2305.0,67.0,90.0,25.2252,0.0
2306.0,67.0,77.0,25.146,0.0
2307.0,66.0,78.0,25.0164,0.0
2308.0,66.0,91.0,24.8616,0.0
2309.0,66.0,84.0,24.858,0.0
2310.0,66.0,85.0,24.912,0.0
2311.0,66.0,79.0,25.0884,0.0
2312.0,67.0,79.0,25.4412,0.0
2313.0,67.0,85.0,25.9344,0.0
2314.0,68.0,78.0,26.5104,0.0
2315.0,68.0,78.0,27.2196,0.0
2316.0,68.0,78.0,28.0008,0.0
2317.0,0.0,0.0,28.6956,0.0
2318.0,0.0,0.0,29.3976,0.0
2319.0,0.0,0.0,30.3624,0.0
2320.0,0.0,0.0,31.5144,0.0
2321.0,0.0,0.0,32.76,0.0
2322.0,0.0,0.0,33.962399999999995,0.0
2323.0,0.0,0.0,35.16480000000001,0.0
2324.0,0.0,0.0,36.3276,0.0
2325.0,0.0,0.0,37.332,0.0
2326.0,0.0,0.0,38.1384,0.0
2327.0,0.0,0.0,38.6964,0.0
2328.0,0.0,0.0,39.2796,0.0
2329.0,0.0,0.0,40.3056,0.0
2330.0,0.0,0.0,41.6232,0.0
2331.0,0.0,0.0,43.0524,0.0
2332.0,0.0,0.0,44.3052,0.0
2333.0,0.0,0.0,45.5004,0.0
2334.0,0.0,0.0,46.4904,0.0
2335.0,0.0,0.0,47.869200000000006,0.0
